 अथ, अथ{अव्य},ఇప్పుడు,now
 अतः, अतः{अव्य},,hence
 दिनचर्या-, दिनचर्या,దినచర్యా,Daily regimen
 अध्यायम्, अध्याय{पुं;2;एक(अधि_इ4;घञ्;अदादिः)},అధ్యాయమును,chapter
 व्याख्यास्यामः, वि_आङ्_ख्या1{कर्तरि;लृट्;उ;बहु;परस्मैपदी;अदादिः},వ్యాఖ్యానించెదము,expound upon
  , -,,
 इति, इति{अव्य},ఈ విధంగా,"in this manner, thus "
 ह, ,,
 स्म, स्म{अव्य},,
 आहुः, ब्रू1{कर्तरि;लट्;प्र;बहु;परस्मैपदी;अदादिः},చెప్పిరి,said
 आत्रेय-, आत्रेय,ఆత్రేయుడు,Atreya
 आदयः, आदि{पुं;1;बहु},మొదలగు,and the rest
 महा-, महत्,మహా,great 
 ऋषयः, ऋषि{पुं;1;बहु},ఋషులు,sages
  , -,,
 ब्राह्मे, ब्राह्म{पुं;7;एक},బ్రాహ్మీ,In Brahma
 मुहूर्ते, मुहूर्त{पुं;7;एक},ముహూర్తములొ,In muhurta
 उत्तिष्ठेत्, उत्_ष्था1{कर्तरि;विधिलिङ्;प्र;एक;परस्मैपदी;भ्वादिः},లేవాలి,get up
 स्वस्थः, स्वस्थ{पुं;1;एक},ఆరోగ్యము,healthy
 रक्षा-, रक्षा,రక్షించుట,protection
 अर्थम्, अर्थ{नपुं;1;एक},కొరకు,purpose
 आयुषः, आयुस्{नपुं;6;एक},ఆయుష్షు యొక్క,of life
  , -,,
 शरीर-, शरीर,శరీర,body 
 चिन्ताम्, चिन्ता{स्त्री;2;एक},చింతనము,"worry, consideration"
 प्र-, प्र,శ్రేష్ఠమైన,best
 गुणम्, गुण{पुं;2;एक},గుణమును,qualities
 द्वादश-, द्वादश,పన్నెండు,twelve
 अङ्गुलम्, अङ्गुल{पुं;2;एक},అంగుళములు,angulas
 भक्षयेत्, भक्ष्2{कर्तरि;विधिलिङ्;प्र;एक;परस्मैपदी;चुरादिः},తినవలెను,eat 
 दन्त-, दन्त,పండ్ల,teeth
 पवनम्, पवन{नपुं;2;एक(पू2;ल्युट्;क्र्यादिः)},పరిశుద్ధతకు,Sanctification
 दन्त-, दन्त,దంత,teeth
 मांसानि, मांस{नपुं;2;बहु},మాంసములను,flesh(gums)
 अ-, अ,,
 बाधयन्, बाधयत्{पुं;1;एक(बाध्;णिच्;शतृ_लट्;भ्वादिः)},బాధ కలిగించు,afflict 
 भुक्त्वा, भुज्2{अव्य;क्त्वा;रुधादिः},తిన్న తరువాత,after eating
 च, च{अव्य},మరియు,"And,also"
 (भक्षयेत्), भक्ष्2{कर्तरि;विधिलिङ्;प्र;एक;परस्मैपदी;चुरादिः},తినవలెను,eat
  , -,,
 निर्वर्त्य, निर्_वृत्1{अव्य;ल्यप्;भ्वादिः},చేయవలసిన,to be  accomplished 
 कृत-, कृत(कृ2;क्त;स्वादिः),కార్యములు,done
 शौच-, शौच,శౌచ,"evacuation of excrement, clean"
 विधिः, विधि{पुं;1;एक},"విధి,ఒక చర్య లేదా చర్య",an act or action
 ततः, ततः{अव्य},అప్పుడు,Then
 अर्क-, अर्क,జిల్లేడు చెట్టు,"madar, milk weed tree(Calotropis procera)"
 न्यग्रोध-, न्यग्रोध,మర్రి చెట్టు,banyan(Ficus bengalensis)
 खदिर-, खदिर,చండ్ర చెట్టు,catechu(Acacia catechu)
 करञ्ज-, करञ्ज,క్రానుగు చెట్టు,Pongamia pinnata
 ककुभ-, ककुभ,మద్ది చెట్టు,Terminalia arjuna
 आदि-, आदि,మొదలగు,etc
 जम्, ज{पुं;2;एक},తినడం,To eat.
 प्रातः, प्रातः{अव्य},ఉదయం,morning
 मृदु-, मृदु,మృదువైన,soft
 अग्रम्, अग्र{पुं;2;एक},అగ్రము,tip
 कषाय-, कषाय,వగరు,astringent
 कटु-, कटु,కారం,pungent
 तिक्तकम्, तिक्तक{पुं;2;एक},చేదు రుచులును,bitter
 कनीनि-, कनीनि,చిటికెన వ్రేలు,little finger
 अग्र-, अग्र,అగ్రము,tip
 सम-, सम,సమాన,equal
 स्थौल्यम्, स्थौल्य{पुं;2;एक},"స్థూలత్వం,మందము","bulkiness, stoutness"
 न, न{अव्य},న ,not
 अद्यात्, अद्2{कर्तरि;आशीर्लिङ्;प्र;एक;परस्मैपदी;अदादिः},తినవలెను,should eat
 अजीर्ण-, अजीर्ण,అజీర్ణము,Indigestion
 वमथु-, वमथु,వాంతి,vomiting
 श्वास-, श्वास,"శ్వాస,ఊపిరి",breathlessness
 कास-, कास,దగ్గు,cough
 ज्वर-, ज्वर,జ్వర,fever
 अर्दिती, अर्दितिन्{पुं;1;एक},రోగి,patient
 तृष्णा-, तृष्णा,దప్పిక,thirst
 आस्य-, आस्य(अस्1;ण्यत्;भ्वादिः),ముఖ,"mouth,oral cavity"
 पाक-, पाक,పాకము,"inflammation, suppuration"
 हृद्-, हृद्,గుండె,heart
 नेत्र-, नेत्र,కళ్ళు,eye
 शिरः-, शिरस्,శిరస్సు,head  
 कर्ण-, कर्ण,చెవుల,ear
 आमयी, आमयिन्{पुं;1;एक},రోగము,diseased
 च, च{अव्य},మరియు,"and,also"
 तत्, तद्{सर्वनाम;नपुं;2;एक},ఆ,that
  , -,,
 सौवीरम्, सौवीर{नपुं;2;एक},సౌవీరమను,souveera
 अञ्जनम्, अञ्जन{नपुं;2;एक(अन्ज्1;ल्युट्;रुधादिः)},అంజనము,collyrium
 नित्यम्, नित्य{अव्य},ప్రతిరోజూ,daily  
 हितम्, हित{नपुं;2;एक(धा1;क्त;जुहोत्यादिः)},మంచిది,Beneficial
 अक्ष्णोः, अक्षि{नपुं;6;द्वि},కన్నులకు,of eyes
 ततः, ततः{अव्य},అప్పుడు,Then
 भजेत्, भज्1{कर्तरि;विधिलिङ्;प्र;एक;परस्मैपदी;भ्वादिः},రాసుకోవాలి,To apply oneself
  , -,,
 चक्षुः, चक्षुस्{नपुं;1;एक},కన్ను ,eye
 सप्त-, सप्तन्,ఏడు,seven
 रात्रे, रात्र{नपुं;7;एक},రాత్రులలో,in nights
 (सति), सत्{पुं;7;एक(अस्2;शतृ_लट्;अदादिः)},,
 अस्मात्, इदम्{सर्वनाम;पुं;5;एक},దీని నుండి,from this
 स्रावण-, स्रावण,స్రవించుట,secretion
 अर्थम्, अर्थ{पुं;2;एक},కొరకు,purpose of
 रस-, रस,రస,rasa
 अञ्जनम्, अञ्जन{नपुं;2;एक(अन्ज्1;ल्युट्;रुधादिः)},అంజనము,collyrium
  , -,,
 तेजोमयम्, तेजोमय{नपुं;1;एक},"తేజోమయము, తేజస్సుతొ కూడిన",made of Tejas
 (भवति), भू1{कर्तरि;लट्;प्र;एक;परस्मैपदी;भ्वादिः},అవుతుంది,happens
 तस्य, तद्{सर्वनाम;नपुं;6;एक},వాని,his
 विशेषात्, विशेष{पुं;5;एक(वि_शिष्2;घञ्;रुधादिः)},ప్రత్యేకించి,Specifically
 श्लेष्मतः, श्लेष्मन्{अव्य;तसिल्},శ్లేష్మం నుండి,From the mucus
 भयम्, भय{नपुं;1;एक},భయం,fear
 (भवति), भू1{कर्तरि;लट्;प्र;एक;परस्मैपदी;भ्वादिः},అవుతుంది,happens
 योजयेत्, युज्1{णिच्;कर्तरि;विधिलिङ्;प्र;एक;परस्मैपदी;दिवादिः},ఏర్పాటు,arrange
 ततः, ततः{अव्य},అప్పుడు,Then
 नावन-, नावन,నావన,Navana(nasal administration)
 गण्डूष-, गण्डूष,గండూష,Gandusha (Mouth Gargle)
 धूम-, धूम,ధూమ,Dhuma (inhalation of medicated fumes)
 ताम्बूल-, ताम्बूल,తాంబూల,tambula (paan chewing)
 भाग्, भाज्{पुं;1;एक},ఒక భాగంగా,forming a part of
 भवेत्, भू1{कर्तरि;विधिलिङ्;प्र;एक;परस्मैपदी;भ्वादिः},,
  , -,,
 ताम्बूलम्, ताम्बूल{नपुं;1;एक},తాంబూలం,paan
 क्षत-, क्षत,ఛాతీలో దెబ్బ తగిలిన,injured in the chest
 पित्तास्र-, -पित्तास्र,రక్తపిత్త,raktapitta- bleeding disorders
 रूक्ष-, रूक्ष,"రూక్ష,ఎండిన",dryness
 उत्कुपित-, -उत्कुपित,కుపిత,aggravated doshas
 चक्षुषाम्, चक्षुस्{नपुं;6;बहु},కన్నులకు,of eyes
 विष-, विष,విష,poison 
 मूर्च्छा-, मूर्च्छा,మూర్ఛా,syncope
 मद-, मद,మద,alcoholic
 आर्तानाम्, आर्त{नपुं;6;बहु(आङ्_ऋ2;क्त;जुहोत्यादिः)},పీడితునికి,afflicted
 अ-, अ,అ,Un
 पथ्यम्, पथ्य{नपुं;1;एक},పథ్యము,wholesome
 शोषिणाम्, शोषिन्{पुं;6;बहु},శోషితులకు,consumption
 अपि, अपि{अव्य},కూడా,also
 (भवति), भू1{कर्तरि;लट्;प्र;एक;परस्मैपदी;भ्वादिः},అవుతుంది,happens
  , -,,
 अभ्यङ्गम्, अभ्यङ्ग{पुं;2;एक(अभि_वि_अन्ज्1;घञ्;रुधादिः)},అభ్యంగము,body massage
 आचरेत्, आङ्_चर्1{कर्तरि;विधिलिङ्;प्र;एक;परस्मैपदी;भ्वादिः},ఆచరించాలి,should follow
 नित्यम्, नित्य{अव्य},ప్రతిరోజూ,daily 
 सः, तद्{सर्वनाम;पुं;1;एक},అతను,he
 जरा-, जरा,ముసలితనం,old age
 श्रम-, श्रम,శ్రమ,fatigue
 वात-, वात(वा1;क्त;अदादिः),వాత,vata
 हा, ह{पुं;1;एक(हन्;क्विप्;अदादिः)},హరించునది,diminish
 दृष्टि-, दृष्टि,చూపు,sight
 प्रसाद-, प्रसाद,స్పష్టత,clearness
 पुष्टि-, पुष्टि,పుష్టి,nourishment
 आयुः-, आयुस्,ఆయుష్షు ,"lifespan, longevity"
 स्वप्न-, स्वप्न,నిద్ర,sleep
 सु-, -सु,మంచి,good
 त्वक्त्व-, त्वच्{त्व},చర్మము,skin
 दार्ढ्य-, दार्ढ्य,ధృఢత్వ,firmness
 कृत्, कृत्{पुं;1;एक},"కృతము,కరము",effecting
 (च), च{अव्य},మరియు,"and,also"
 (भवति), भू1{कर्तरि;लट्;प्र;एक;परस्मैपदी;भ्वादिः},అవుతుంది,happens
  , -,,
 शिरः-, शिरः,"శిరస్సు,తల",head 
 श्रवण-, श्रवण(श्रु1;ल्युट्;भ्वादिः),చెవి,ear
 पादेषु, पाद{पुं;7;बहु},పాదములలో,In feet
 तम्, तद्{सर्वनाम;पुं;2;एक},దానిని  ,that
 विशेषेण, विशेष{पुं;3;एक},విశేషముగా,especially
 शीलयेत्, शील्1{णिजन्त;कर्तरि;विधिलिङ्;प्र;एक;परस्मैपदी;भ्वादिः},అలవాటుగా ఆచరించాలి,follow habitually
  , -,,
 वर्ज्यः, वर्ज्य{पुं;1;एक(वृज्;यत्;चुरादिः)},వర్జ్యము,contraindication
 अभ्यङ्गः, अभ्यङ्ग{पुं;1;एक(अभि_वि_अन्ज्1;घञ्;रुधादिः)},అభ్యంగము,body massage
 कफ-, कफ,కఫ,kapha
 ग्रस्त-, ग्रस्त(ग्रस्1;क्त;भ्वादिः),పీడిత, afflicted
 कृत-, कृत(कृ2;क्त;स्वादिः),చేసిన,"done,undergone"
 सम्-, -सं,బాగుగా,thoroughly
 शुद्धि-, शुद्धि,శుద్ధి,cleansed
 अ-, अ-,అ-,in-
 जीर्णिभिः, जीर्णि{स्त्री;3;बहु},జీర్ణముతో,with digestion
  , -,,
 लाघवम्, लाघव{नपुं;1;एक},తేలికదనం,Lightness
 उपजायते, उप_जन्2{कर्तरि;लट्;प्र;एक;आत्मनेपदी;दिवादिः},ఉత్పత్తి అవుతుంది,is produced
  , -,,
 कर्म-, कर्मन्,కర్మ,action
 सामर्थ्यम्, सामर्थ्य{नपुं;1;एक},సామర్థ్యము,ability
 दीप्तः, दीप्त{पुं;1;एक},"రగిలే, మండే",flaming
 अग्निः, अग्नि{पुं;1;एक},అగ్ని,fire
 मेदसः, मेदस्{नपुं;6;एक},మేదస్సు యొక్క,"of fat,adipose tissue"
 क्षयः, क्षय{पुं;1;एक},క్షయము,consumption
 विभक्त-, विभक्त(वि_भज्1;क्त;भ्वादिः),విభజించబడిన,"distinct,divided"
 घन-, घन,ఘన,
 गात्रत्वम्, गात्र{त्व;नपुं;1;एक},శరీర అవయవములు,limb or member of the body
 (च), च{अव्य},మరియు,"and,also"
 व्यायामात्, व्यायाम{पुं;5;एक},వ్యాయామము వలన,due to exercise
 वात-, वात(वा1;क्त;अदादिः),వాత,vata
 पित्त-, पित्त,పిత్త,pitta
 आमयी, आमयिन्{पुं;1;एक},రోగి,diseased
 बालः, बाल{पुं;1;एक},బాలుడు,child
 वृद्धः, वृद्ध{पुं;1;एक},వృద్ధుడు,elderly
 अजीर्णः, अजीर्ण{पुं;1;एक},అజీర్ణ రోగి,Indigestion patient
 च, च{अव्य},మరియు,"and,also"
 तम्, तद्{सर्वनाम;पुं;2;एक},దానిని  ,That
 त्यजेत्, त्यज्1{कर्तरि;विधिलिङ्;प्र;एक;परस्मैपदी;भ्वादिः},త్యజించవలెను,should be abandoned
  , -,,
 अर्ध-, अर्ध,సగము,half
 शक्त्या, शक्ति{स्त्री;3;एक},శక్తితో,by power 
 मन्दम्, मन्द{अव्य},మందము,slowly
 एव, एव{अव्य},ఖచ్చితంగా,indeed
 ततः, ततः{अव्य},అప్పుడు,Then
 अन्यदा, अन्यदा{अव्य},లేనిచో,Otherwise
 (निषेव्यः), निषेव्य{पुं;1;एक(नि_सेव्;यत्;भ्वादिः)},సేవించరాదు,should not serve
  , -,,
 निषेव्यः, निषेव्य{पुं;1;एक(नि_सेव्;यत्;भ्वादिः)},సేవించరాదు,should not serve
 तु, तु{अव्य},,
 बलिभिः, बलि{पुं;3;बहु},బలవంతులతో,With strong persons
 स्निग्ध-, स्निग्ध(ष्निह्1;क्त;दिवादिः),"స్నిగ్ధమైన, నూనె,నెయ్యితో కూడిన",unctuous
 भोजिभिः, भोजि{पुं;3;बहु(भुज्;णिच्;चुरादिः)},భోజనము చేసిన వానితో,with one who has eaten
 (पुरुषैः), पुरुष{पुं;3;बहु},పురుషులతో,with men
 शीत-, शीत,చల్లని,cold
 काले, काल{पुं;7;एक},కాలంలో/సమయంలో,in time
 वसन्ते, वसन्त{पुं;7;एक},వసంత ఋతువులో,in the spring
 च, च{अव्य},మరియు,"and,also"
 तम्, तद्{सर्वनाम;पुं;2;एक},దానిని  ,That
 कृत्वा, कृ2{अव्य;क्त्वा;स्वादिः},చేసిన,having done
 अनु-, अनु,అను-,"after, along, alongside"
 सुखम्, सुखम्{अव्य},సుఖము,comfortably
 देहम्, देह{पुं;2;एक},దేహమును,body 
 मर्दयेत्, मृद्1{णिजन्त;कर्तरि;विधिलिङ्;प्र;एक;परस्मैपदी;क्र्यादिः},మర్దించవలెను,"rub,apply pressure"
 च, च{अव्य},మరియు,"and,also"
 समन्ततः, समन्त{अव्य;तसिल्},చుట్టూ,All around
  , -,,
 तृष्णा, तृष्णा{स्त्री;1;एक},దప్పిక,thirst
 छर्दिः, छर्दि{स्त्री;1;एक},వాంతి,vomiting
 च, च{अव्य},మరియు,"and,also"
 जायते, जन्2{कर्तरि;लट्;प्र;एक;आत्मनेपदी;दिवादिः},జయిస్తుంది,conquers
  , -,,
 क्षयः, क्षय{पुं;1;एक},క్షయ,consumption
 प्रतमकः, प्रतमक{पुं;1;एक(प्र_तम्1;ण्वुल्;दिवादिः)},ప్రతమక శ్వాస,Dyspnoea- pratamaka type
 रक्तपित्तम्, रक्तपित्त{नपुं;1;एक},రక్తపిత్తము,raktapitta- bleeding disorders
 श्रमः, श्रम{पुं;1;एक},అలసట,Fatigue
 क्लमः, क्लम{पुं;1;एक},బడలిక,exhaustion
 अति-, अति,అతి,excessive
 व्यायामतः, व्यायाम{अव्य;तसिल्},వ్యాయామం నుండి,From exercise
 कासः, कास{पुं;1;एक},దగ్గు,cough
 ज्वरः, ज्वर{पुं;1;एक},జ్వరము,fever
 व्यायाम-, व्यायाम,వ్యాయామము,exercise
 जागर-, जागर,జాగరణ/మేల్కొనుట,awake
 अध्व-, अध्वन्,ప్రయాణం,journey
 स्त्री-, स्त्री,స్త్రీ,female
 हास्य-, हास्य(हस्1;ण्यत्;भ्वादिः),హాస్య,"funny, comical"
 भाष्य-, भाष्य,సంభాషణ,conversation
 आदि, आदि{नपुं;2;एक},మొదలగు,etc
 विनश्यति, वि_णश्1{कर्तरि;लट्;प्र;एक;परस्मैपदी;दिवादिः},నశింపజేయును,destroys
 (पुरुषः), पुरुष{पुं;1;एक},పురుషుడు,man
  , -,,
 साहसम्, साहस{नपुं;2;एक},అనాలోచిత లేదా నిర్లక్ష్య చర్య,an inconsiderate or reckless act
 गजम्, गज{पुं;2;एक},ఏనుగుని,elephant
 सिंहः, सिंह{पुं;1;एक},సింహము,lion
 इव, इव{अव्य},వలె,like
 आकर्षन्, आकर्षत्{पुं;1;एक(आङ्_कृष्2;शतृ_लट्;तुदादिः)},ఆకర్షణ,drawing towards one's self
 (विनश्यति), वि_णश्1{कर्तरि;लट्;प्र;एक;परस्मैपदी;दिवादिः},నశింపజేయును,destroys
 भजन्, भजत्{पुं;1;एक(भज्1;शतृ_लट्;भ्वादिः)},సేవ చేయు,serving
 अति, अति{अव्य},అతి,excessive
 उद्वर्तनम्, उद्वर्तन{नपुं;1;एक(उत्_वृत्1;ल्युट्;भ्वादिः)},ఉద్వర్తనము,rubbing and cleaning the body
 (भवति), भू1{कर्तरि;लट्;प्र;एक;परस्मैपदी;भ्वादिः},అవుతుంది,happens
  , -,,
 कफ-, कफ,కఫ,kapha
 हरम्, हर{नपुं;1;एक},హరము,destroyer
 मेदसः, मेदस्{नपुं;6;एक},మేదస్సు యొక్క,"fat,adipose tissue"
 प्रविलायनम्, प्रविलायन{नपुं;1;एक},కరగడం,Dissolution
 स्थिरीकरणम्, स्थिरीकरण{नपुं;1;एक},దృఢత్వము లేదా స్థిరత్వము, making firm or fixed
 अङ्गानाम्, अङ्ग{पुं;6;बहु},అంగముల యొక్క,of body parts
 त्वक्-, त्वच्,చర్మము,skin
 प्रसाद-, प्रसाद,స్పష్టత,"clearness,clarity"
 करम्, कर{नपुं;1;एक},కరము,promoting
 परम्, पर{सर्वनाम;नपुं;1;एक},అత్యంత,very much
 (च), च{अव्य},మరియు,"and,also"
 दीपनम्, दीपन{नपुं;1;एक(दीप्1;ल्युट्;दिवादिः)},ఆకలిని పెంచేది,appetite stimulants
 वृष्यम्, वृष्य{नपुं;1;एक(वृष्1;यत्;भ्वादिः)},వృష్యము,aphrodisiac
 आयुष्यम्, आयुष्य{नपुं;1;एक},ఆయుష్షు ను పంపొందించునది,improves lifespan
 स्नानम्, स्नान{नपुं;1;एक},స్నానము,bathing
 ऊर्जा-, ऊर्जा,శక్తి,vigor
 बल-, बल,బలము,strength
 प्रदम्, प्रद{नपुं;1;एक},ప్రసాదించునది,conquer
 कण्डू-, कण्डू,దురద,itching
 मल-, मल,మలము,impurity
 श्रम-, श्रम,అలసట,fatigue
 स्वेद-, स्वेद,చెమట,sweat
 तन्द्रा-, तन्द्रा,కునికిపాటు,lassitude
 तृट्-, -तृट्,దప్పిక,thirst
 दाह-, दाह,మంట,burning sensation
 पाप्म-, पाप्मन्,రోగము ,disease
 जित्, जित्{पुं;1;एक},జయించును,conquering
 (च), च{अव्य},మరియు,"and,also"
 (भवति), भू1{कर्तरि;लट्;प्र;एक;परस्मैपदी;भ्वादिः},అవుతుంది,happens
  , -,,
 उष्ण-, उष्ण,వేడి,hot
 अम्बुना, अम्बु{नपुं;3;एक},నీటితో,With water
 बल-, बल,బలము,strength
 हृत्, हृद्{नपुं;1;एक},హరించునది,"seizing, removing"
 केश-, केश,జుట్టు,hair
 चक्षुषाम्, चक्षुस्{नपुं;6;बहु},కళ్ళ యొక్క,of eyes
 (भवति), भू1{कर्तरि;लट्;प्र;एक;परस्मैपदी;भ्वादिः},అవుతుంది,happens
 (परिषेकः), परिषेक{पुं;1;एक(परि_षिच्1;घञ्;तुदादिः)},"పరిషేకము,ధారగా పోయుట",Sprinkling or pouring over
  , -,,
 अधः-, अधः,అధో,lower
 कायस्य, काय{पुं;6;एक},శరీరము యొక్క,of body  
 परिषेकः, परिषेक{पुं;1;एक(परि_षिच्1;घञ्;तुदादिः)},"పరిషేకము,ధారగా పోయుట",Sprinkling or pouring over
 बल-, बल,బలము,strength
 आवहः, आवह{पुं;1;एक},కలిగించును,"inducing,causing"
 (भवति), भू1{कर्तरि;लट्;प्र;एक;परस्मैपदी;भ्वादिः},అవుతుంది,happens
 तेन, तद्{सर्वनाम;पुं;3;एक},దానిన ద్వారా,with that
 एव, एव{अव्य},ఖచ్చితంగా,indeed
 तु, तु{अव्य},,
 उत्तम-, उत्तम,శ్రేష్ఠమైన,best
 अङ्गस्य, अङ्ग{पुं;6;एक},అంగముల యొక్క,of body parts
 स्नानम्, स्नान{नपुं;1;एक},స్నానము,bath
 अर्दित-, अर्दित,అర్దిత వాతము,facial palsy
 नेत्र-, नेत्र(द्वि),కళ్ళ,eyes
 अस्य-, अस्य,నోటి,mouth
 कर्ण-, कर्ण,చెవి,ear
 रोग-, रोग,రోగములు,diseases
 अतिसारिषु, अतिसारिन्{पुं;7;बहु},అతిసారములందు,diarrhea
 अध्मान-, अध्मान,ఆధ్మాన,abdominal distension
 पीनस-, पीनस,జలుబు,rhinitis
 अ-, अ,అ,in-
 जीर्ण-, जीर्ण,జీర్ణ ,digestion
 भुक्तवत्सु, भुक्त{मतुप्;पुं;7;बहु},భుజించిన వానిలో,one who ate
 च, च{अव्य},మరియు,"and,also"
 गर्हितम्, गर्हित{नपुं;1;एक(गर्ह्1;क्त;भ्वादिः)},నిషేధము,condemned
  , -,,
 जीर्णे, जीर्ण{नपुं;7;एक},జీర్ణములో,in digestion
  , -,,
 हितम्, हित{नपुं;2;एक(धा1;क्त;जुहोत्यादिः)},మంచిది,Beneficial
 मितम्, मित{नपुं;2;एक(मा1;क्त;अदादिः)},మితముగా,Measured
 च, च{अव्य},మరియు,"and,also"
 अद्यात्, अद्2{कर्तरि;आशीर्लिङ्;प्र;एक;परस्मैपदी;अदादिः},,
 न, न{अव्य},న,"not, no"
 वेगान्, वेग{पुं;2;बहु},వేగములను,urges
 ईरयेत्, ईर्1{णिजन्त;कर्तरि;विधिलिङ्;प्र;एक;परस्मैपदी;अदादिः},విసర్జించాలి,"expel, discard"
 बलात्, बल{नपुं;5;एक},బలవంతంగా,forceful
 न, न{अव्य},న,"not, no"
 (अन्य)-, अन्य,ఇతర,other
 (कार्यम्), कार्य{नपुं;1;एक},కార్యములు,acts
  , -,,
 वेगितः, वेगिन्{अव्य;तसिल्},వేగములు కలిగినట్టి,one who has urges
 (सन्), सत्{पुं;1;एक(अस्2;शतृ_लट्;अदादिः)},పొందు,"To acquire, obtain"
 अन्य-, अन्य,ఇతర,other
 कार्यः, कारी{स्त्री;1;बहु},కార్యములు,acts
 स्यात्, अस्2{कर्तरि;विधिलिङ्;प्र;एक;परस्मैपदी;अदादिः},ఉండాలి,would be
 न, न{अव्य},న,"not, no"
 अ-, अ,అ,un
 जित्वा, जि1{अव्य;क्त्वा;भ्वादिः},జయించిన,conquering
 साध्यम्, साध्य{नपुं;1;एक(साध्;यत्;स्वादिः)},సాధ్యము,attainable
 आमयम्, आमय{पुं;2;एक},రోగమును,disease
 सुख-, सुख,సుఖ ,comfort
 अर्थाः, अर्थ{पुं;1;बहु},అర్థములు,"purpose,explication"
 धर्मात्, धर्म{पुं;5;एक},ధర్మము వలన,from Dharma/ Religion
 (भवति), भू1{कर्तरि;लट्;प्र;एक;परस्मैपदी;भ्वादिः},అవుతుంది,happens
 तस्मात्, तद्{सर्वनाम;पुं;5;एक},అందువలన,Therefore
 धर्म-, धर्म,ధర్మ,religion
 परः, पर{सर्वनाम;पुं;1;एक},పరాయణుడు,follower
 भवेत्, भू1{कर्तरि;विधिलिङ्;प्र;एक;परस्मैपदी;भ्वादिः},"అగుగాక, అవ్వాలి",should happen
  , -,,
 सर्व-, सर्व,అన్ని,all
 भूतानाम्, भूत{नपुं;6;बहु},జీవముల యొక్క,of living beings
 मताः, मत{पुं;1;बहु(मन्2;क्त;तनादिः)},,opinions
 सर्वाः, सर्वा{सर्वनाम;स्त्री;1;बहु},అన్నియు,Everyone
 प्रवृत्तयः, प्रवृत्ति{स्त्री;1;बहु},ప్రవృత్తులు,Instincts
 सुखम्, सुखम्{अव्य},సుఖము,"comfort,pleasure"
 च, च{अव्य},మరియు,"and,also"
 न, न{अव्य},న,"not, no"
 विना, विना{अव्य},లేకుండా,without
 भक्त्या, भक्ति{स्त्री;3;एक},భక్తితో,with devotion
 कल्याण-, कल्याण,శుభ,auspicious
 मित्राणि, मित्र{नपुं;2;बहु},మిత్రులను,friends
 सेवेत, सेव्1{कर्तरि;विधिलिङ्;प्र;एक;आत्मनेपदी;भ्वादिः},సేవంచాలి,serve
 इतर-, इतर,ఇతర,other
 दूर-, दूर,దూర,Long distance
 गः, ग{पुं;1;एक},ప్రయాణికుడు,traveler
 (सन्), सत्{पुं;1;एक(अस्2;शतृ_लट्;अदादिः)},పొందు,"To acquire, obtain"
  , -,,
 हिंसा-, हिंसा,హింస,Violence
 स्तेय-, स्तेय,దొంగతనం,Stealing
 अन्यथा-, अन्यथा,లేకపోతే-,otherwise
 कामम्, काम{पुं;2;एक},కోరిక,Desire
 इति, इति{अव्य},ఈ విధంగా,"in this manner, thus "
 दशधा, दशन्{अव्य;धा},పది విధముల,In ten ways
 काय-, काय,దేహము,body 
 वाक्-, वाच्,"వాక్కు, మాట",speech
 मानसैः, मानस{पुं;3;बहु},మనస్సులతో,with mind
 त्यजेत्, त्यज्1{कर्तरि;विधिलिङ्;प्र;एक;परस्मैपदी;भ्वादिः},వదలివేయవలెను,should be abandoned
  , -,,
 पैशुन्यम्, पैशुन्य{नपुं;2;एक},పశు ప్రవృత్తిని,animalist behavior
 परुष-, परुष,"కఠినమైన,పరుషమైన",harsh
 अनृते, अनृत{नपुं;2;द्वि},అబద్ధములను,false words
 सम्भिन्न-, सम्भिन्न,"విడివిడిగా, విడగొట్టినట్టుగా", broken or divided
 आलापम्, आलाप{नपुं;2;एक},సంభాషణను,conversation
 व्यापादम्, व्यापाद{पुं;2;एक(वि_आङ्_पद्1;घञ्;दिवादिः)},సమస్యను,trouble
 अभिध्याम्, अभिध्या{स्त्री;2;एक},కోరికను,Coveting other's property
 दृक्-, दृश्,చూపు,sight
 विपर्ययम्, विपर्यय{पुं;2;एक},వ్యతిరేకం,contrary to
 पापम्, पाप{नपुं;2;एक},పాపమును,wrong
 कर्म, कर्मन्{नपुं;2;एक},కర్మను,task or action
 अ-, अ,అ,
 वृत्ति-, वृत्ति,జీవన విధానం,mode of life or conduct
 व्याधि-, व्याधि,రోగము,disease
 शोक-, शोक,శోకము,grief
 आर्तान्, आर्त{पुं;2;बहु(आङ्_ऋ2;क्त;जुहोत्यादिः)},పీడితులను,Afflicted
 अनुवर्तेत, अनु_वृत्1{कर्तरि;विधिलिङ्;प्र;एक;आत्मनेपदी;भ्वादिः},అనుసరించు ,follow
 शक्तितः, शक्ति{अव्य;तसिल्},శక్తి నుండి,From the power
  , -,,
 आत्मवत्, आत्मन्{अव्य;वत्},ఆత్మ/స్వయం వలె,Like self
 सततम्, सततम्{अव्य},ఎల్లప్పుడూ,always
 पश्येत्, दृश्1{कर्तरि;विधिलिङ्;प्र;एक;परस्मैपदी;भ्वादिः},చూడాలి,should see
 अपि, अपि{अव्य},కూడా,also
 कीट-, कीट,కీటకములు,Insects
 पिपीलिकम्, पिपीलिक{पुं;2;एक},చీమను,Ant
  , -,,
 अर्चयेत्, ऋच्1{णिजन्त;कर्तरि;विधिलिङ्;प्र;एक;परस्मैपदी;तुदादिः},పూజించాలి,worship
 देव-, देव,దేవతలు,God
 गो-, गो,గోవులు,cow
 विप्र-, विप्र,బ్రాహ్మణులు,Brahmins
 वृद्ध-, वृद्ध,ముసలివారు ,elderly
 वैद्य-, वैद्य,వైద్యుడు,Physician
 नृप-, नृप,రాజు,King
 अतिथीन्, अतिथि{पुं;2;बहु},అతిథులను,Guests
  , -,,
 विमुखान्, विमुख{पुं;2;बहु},వ్యతిరేకులైన వారిని,averse or opposed to
 न, न{अव्य},న,"not, no"
 अर्थिनः, अर्थिन्{पुं;2;बहु},అర్థించువాని,seeker
 कुर्यात्, कृ3{कर्तरि;विधिलिङ्;प्र;एक;परस्मैपदी;तनादिः},చేయాలి,should do 
 न, न{अव्य},"న,వద్దు","not, no"
 अवमन्येत, अव_मन्1{कर्तरि;विधिलिङ्;प्र;एक;आत्मनेपदी;दिवादिः},అసహ్యించుకొనవలె,despise
 न, न{अव्य},"న,వద్దు","not, no"
 आक्षिपेत्, -,నిందించబడాలి, be accused
  , -,,
 उपकार-, उपकार(उप_कृ3;घञ्;तनादिः),సహాయం,help
 प्रधानः, प्रधान{पुं;1;एक},ప్రధానమైన,main
 स्यात्, अस्2{कर्तरि;विधिलिङ्;प्र;एक;परस्मैपदी;अदादिः},ఉండాలి,would be
 अपकार-, अपकार(अप_कॄ1;घञ्;तुदादिः),అపకారము,
 परे, पर{सर्वनाम;पुं;7;एक},వెళ్ళడానికి లేదా పారిపోవడానికి,"To go or run away, flee, retreat"
 अपि, अपि{अव्य},కూడా,also
 अरौ, अरि{पुं;7;एक},శత్రువు నందు,In/On the enemy
  , -,,
 सम्पत्-, सम्पत्,సంపద,Wealth
 विपत्सु, विपत्{स्त्री;7;बहु},ఆపదలలో,In disasters 
  , -,,
 एक-, एक,ఏక,one 
 मनाः, मनस्{पुं;1;एक},మనస్కుడు,minded
 हेतौ, हेतु{पुं;7;एक},కారణములో,in cause
 ईर्ष्येत्, ईर्ष्य्1{कर्तरि;विधिलिङ्;प्र;एक;परस्मैपदी;भ्वादिः},అసూయ చెందవలె,should be jealous
 फले, फल{नपुं;7;एक},ఫలమునందు,in fruits
 न, न{अव्य},న,"not, no"
 तु, तु{अव्य},,
 (ईर्ष्येत्), ईर्ष्य्1{कर्तरि;विधिलिङ्;प्र;एक;परस्मैपदी;भ्वादिः},అసూయ చెందవలె,should be jealous
 (स्यात्), अस्2{कर्तरि;विधिलिङ्;प्र;एक;परस्मैपदी;अदादिः},ఉండాలి,would be
 काले, काल{पुं;7;एक},కాలంలో/సమయంలో,at/in time
 हितम्, हित{पुं;2;एक(धा1;क्त;जुहोत्यादिः)},హితముగను,Beneficial
 मितम्, मित{नपुं;2;एक(मा1;क्त;अदादिः)},మితము గను,Measured
 ब्रूयात्, ब्रू1{कर्तरि;विधिलिङ्;प्र;एक;परस्मैपदी;अदादिः},మాట్లాడాలి,speak 
 अ-, अ,అ,un
 विसंवादि, विसंवादिन्{नपुं;2;एक},సంభాషణ రహితుడు,Dis-conversational
 पेशलम्, पेशल{नपुं;2;एक},సున్నితముగా,tenderly
 (च), च{अव्य},మరియు,"and,also"
  , -,,
 पूर्व-, पूर्व,పూర్వ,former
 अभिभाषी, अभिभाषिन्{पुं;1;एक},వక్త,Speaker
 सु-, सु,మంచి,Good-
 मुखः, मुख{पुं;1;एक},ముఖం,faced
 सु-, सु,మంచి,Good
 शीलः, शील{पुं;1;एक},స్వభావం,"Disposition, nature, character"
 करुणा-, करुणा,కరుణ,compassion
 मृदुः, मृदु{पुं;1;एक},మృదువైన,Soft
 (च), च{अव्य},మరియు,"and,also"
 (स्यात्), अस्2{कर्तरि;विधिलिङ्;प्र;एक;परस्मैपदी;अदादिः},ఉండాలి,would be
  , -,,
 न, न{अव्य},న,"not, no"
 च, च{अव्य},మరియు,"and,also"
 शङ्कितः, शङ्कित{पुं;1;एक(शक्1;क्त;भ्वादिः)},అనుమానించేవాడు,Suspicious
 (स्यात्), अस्2{कर्तरि;विधिलिङ्;प्र;एक;परस्मैपदी;अदादिः},ఉండాలి,would be
  , -,,
 एकः, एक{संख्येयम्;पुं;1;एक},ఒక్కడు,one 
 सुखी, सुखिन्{पुं;1;एक},సంతుష్టుడు,happy
 (स्यात्), अस्2{कर्तरि;विधिलिङ्;प्र;एक;परस्मैपदी;अदादिः},ఉండాలి,would be
 न, न{अव्य},,"not, no"
 सर्वत्र, सर्वत्र{अव्य},ప్రతిచోటా,everywhere
 विश्रब्धः, विश्रब्ध{पुं;1;एक},విశ్వసనీయుడు,trustworthy
 (स्यात्), अस्2{कर्तरि;विधिलिङ्;प्र;एक;परस्मैपदी;अदादिः},ఉండాలి,would be
 न, न{अव्य},న,"not, no"
 न, न{अव्य},న,"not, no"
 (प्रकाशयेत्), प्र_काश्1{णिच्;कर्तरि;विधिलिङ्;प्र;एक;परस्मैपदी;भ्वादिः},ప్రకాశించు,illuminate
  , -,,
 किञ्चित्, किञ्चित्{सर्वनाम;पुं;2;एक},కొంచెం,A little bit
 आत्मनः, आत्मन्{पुं;6;एक},"స్వీయ,స్వయం యొక్క",of the self
 शत्रुम्, शत्रु{पुं;2;एक},శత్రువును,The enemy
 (प्रकाशयेत्), प्र_काश्1{णिच्;कर्तरि;विधिलिङ्;प्र;एक;परस्मैपदी;भ्वादिः},ప్రకాశించు,illuminate
 न, न{अव्य},న,"not, no"
 आत्मानम्, आत्मन्{पुं;2;एक},స్వయము,self
 कस्यचित्, किञ्चित्{सर्वनाम;पुं;6;एक},ఎవరో ఒకరి,Someone's
 रिपुम्, रिपु{पुं;2;एक},శత్రువును,The enemy
 प्रकाशयेत्, प्र_काश्1{णिच्;कर्तरि;विधिलिङ्;प्र;एक;परस्मैपदी;भ्वादिः},ప్రకాశించు,illuminate
 न, न{अव्य},,"not, no"
 अपमानम्, अपमान{नपुं;2;एक(अप_मा1;ल्युट्;अदादिः)},అవమానం,Insult
 न, न{अव्य},న,"not, no"
 च, च{अव्य},మరియు,"and,also"
 निर्-, निर्,,not
 स्नेहताम्, स्नेह{तल्;स्त्री;2;एक},ఆప్యాయంగా,affectionate
 प्रभोः, प्रभु{पुं;6;एक},రాజు యొక్క,of the king
 (प्रकाशयेत्), प्र_काश्1{णिच्;कर्तरि;विधिलिङ्;प्र;एक;परस्मैपदी;भ्वादिः},ప్రకాశించు,illuminate
  , -,,
 जनस्य, जन{पुं;6;एक},ప్రజల యొక్క,of people
 आशयम्, आशय{पुं;2;एक},సంకల్పం,aspiration
 आलक्ष्य, आङ्_लक्ष्2{अव्य;ल्यप्;चुरादिः},గమనించడం,observing
 यः, यद्{सर्वनाम;पुं;1;एक},ఎవరైతే,One who goes or moves
 यथा, यथा{अव्य},,
 परितुष्यति, परि_तुष्1{कर्तरि;लट्;प्र;एक;परस्मैपदी;दिवादिः},సంతృప్తి చెందుతారు,satisfied with
  , -,,
 तम्, तद्{सर्वनाम;पुं;2;एक},దానిని  ,that
 तथा, तथा{अव्य},అదే విధంగా,in like manner
 एव, एव{अव्य},ఖచ్చితంగా,indeed
 अनुवर्तेत, अनु_वृत्1{कर्तरि;विधिलिङ्;प्र;एक;आत्मनेपदी;भ्वादिः},అనుసరిస్తుంది,will follow
 पर-, पर,"కాకుండా, భిన్నంగా","other than, different from "
 आराधन-, आराधन(आङ्_राध्2;ल्युट्;स्वादिः),"ఆరాధన,పూజ","homage, worship, adoration"
 पण्डितः, पण्डित{पुं;1;एक},పండితుడు,"scholar,learned person"
  , -,,
 न, न{अव्य},న,"not, no"
 पीडयेत्, पीड्1{कर्तरि;विधिलिङ्;प्र;एक;परस्मैपदी;चुरादिः},పీడించవలెను,inflict pain
 इन्द्रियाणि, इन्द्रिय{नपुं;2;बहु},ఇంద్రియములను,Senses
 न, न{अव्य},న,"not, no"
 च, च{अव्य},మరియు,"and,also"
 एतानि, एतद्{सर्वनाम;नपुं;2;बहु},వీనిని,these
 अति, अति{अव्य},అతిగా,excessive
 लालयेत्, लल्1{णिच्;कर्तरि;विधिलिङ्;प्र;एक;परस्मैपदी;चुरादिः},లాలించాలి,"Amorous pastime,pleasure"
  , -,,
 त्रि-, त्रि,మూడు,three
 वर्ग-, वर्ग,వర్గముల,class
 शून्यम्, शून्य{पुं;2;एक},శూన్యము,void
 न, न{अव्य},న,"not, no"
 आरम्भम्, आरम्भ{पुं;2;एक},ప్రారంభమును,  beginning
 भजेत्, भज्1{कर्तरि;विधिलिङ्;प्र;एक;परस्मैपदी;भ्वादिः},చెయ్యాలి,should do 
 तम्, तद्{सर्वनाम;पुं;2;एक},దానిని  ,That
 च, च{अव्य},మరియు,"and,also"
 अ-, अ,అ,Un-
 विरोधयन्, विरोधयत्{पुं;1;एक(वि_रुध्1;णिच्;शतृ_लट्;रुधादिः)},వ్యతిరేకించు,"hostile,oppose"
 (भजेत्), भज्1{कर्तरि;विधिलिङ्;प्र;एक;परस्मैपदी;भ्वादिः},చెయ్యాలి,should do 
  , -,,
 अनुयायात्, अनु_या1{कर्तरि;विधिलिङ्;प्र;एक;परस्मैपदी;अदादिः},"అనుసరించు,పాటించు",to follow
 प्रतिपदम्, प्रतिपद्{स्त्री;2;एक},అడుగడుగునా,"at every step, on every occasion"
 सर्व-, सर्व,అన్ని,all
 धर्मेषु, धर्म{पुं;7;बहु},ధర్మములలో,in religions
 मध्यमाम्, मध्यमा{स्त्री;2;एक},మధ్యమున,between
  , -,,
 नीच-, नीच,"నీచమైన, తక్కువైన","low, vile, inferior"
 रोम-, रोमन्,రోమములు,body hair
 नख-, नख,గోళ్ళు,nails
 श्मश्रुः, श्मश्रु{पुं;1;एक},మీసములు,Mustache
  , -,,
 निर्मल-, निर्मल,నిర్మలమైన,"clear,spotless, unsullied, clean, pure"
 अङ्घ्रि-, अङ्घ्रि,పాదము,a foot 
 मल-, मल,మలము,any bodily excretion or secretion 
 अयनः, अयन{पुं;1;एक},ద్వారము,"way, orifice"
 स्नान-, स्नान,స్నానము,bath
 शीलः, शील{पुं;1;एक},అలవాటు,"habit, custom, disposed or habituated to"
 सु-, सु,మంచి,Good
 सुरभिः, सुरभि{पुं;1;एक},వాసన కల,smelling
 सु-, सु,మంచి,good
 वेषः, वेष{पुं;1;एक},వేషము,"dress, attire"
 अन्-, अन्,అ,Un-
 उल्बण-, उल्बण,ప్రబల,"abundant, excessive"
 उज्ज्वलः, उज्ज्वल{पुं;1;एक},ప్రకాశవంతమైన,"bright, blazing,dazzling"
 (च), च{अव्य},మరియు,and
 (स्यात्), अस्2{कर्तरि;विधिलिङ्;प्र;एक;परस्मैपदी;अदादिः},ఉండాలి,would be
 (नरः), नर{पुं;1;एक},మానవుడు,man
 धारयेत्, धृ2{णिच्;कर्तरि;विधिलिङ्;प्र;एक;परस्मैपदी;भ्वादिः},ధరించాలి,should wear
 सततम्, सततम्{अव्य},ఎల్లప్పుడూ,always
 रत्न-, रत्न,రత్నములు,gem stones
 सिद्ध-, सिद्ध(षिध्2;क्त;भ्वादिः),సిద్ధ,"sacred, holy, divine"
 मन्त्र-, मन्त्र,మంత్రము,incantation
 महा-, महत्,గొప్ప,"great, noble"
 ओषधीः, ओषधि{स्त्री;2;बहु},ఔషధములను,Medicines
  , -,,
 स-, स,సహా ,with 
 आतप-, आतप,ఎండ,sunshine
 त्र, -त्र,నుండి రక్షించునది,protects from
 पद-, पद,పాద ,foot
 त्राणः, त्राण{पुं;1;एक},రక్షలు,wear
 विचरेत्, वि_चर्1{कर्तरि;विधिलिङ्;प्र;एक;परस्मैपदी;भ्वादिः},చరించు,wander
 युग-, युग,ద్వయ,pair
 मात्र-, मात्र,పరిమాణ,"measure, quantity"
 दृक्, दृश्{पु;1;एक},"కన్ను, చూపు","Eye, sight"
 (च), च{अव्य},మరియు,"And,also"
 (सन्), सत्{पुं;1;एक(अस्2;शतृ_लट्;अदादिः)},పొందు,"To acquire, obtain"
  , -,,
 निशि, निश्{स्त्री;7;एक},రాత్రియందు,At night
 (सन्), सत्{पुं;1;एक(अस्2;शतृ_लट्;अदादिः)},పొందు,"To acquire, obtain"
  , -,,
 च, च{अव्य},మరియు,and
 आत्ययिके, आत्ययिक{पुं;7;एक},అత్యవసర స్థితిలో,In emergency
 कार्ये, कार्य{पुं;7;एक},పనులలో," in the work, action"
 दण्डी, दण्डिन्{पुं;1;एक},దండధారి,one holding a stick
 मौली, मौलिन्{पुं;1;एक},శిరస్థృాణము ధరించినవాడు,head gear
 सहायवान्, सहाय{मतुप्;पुं;1;एक},సహాయకుడు కలవాడు,assistant
 (विचरेत्), वि_चर्1{कर्तरि;विधिलिङ्;प्र;एक;परस्मैपदी;भ्वादिः},సంచరించాలి,wander
 (च), च{अव्य},మరియు,and
 चैत्य-, चैत्य,శుభ/దేవతా వృక్షములు,"sacred trees,places"
 पूज्य-, पूज्य(पूज्1;यत्;चुरादिः),పూజ్యులు,revered
 ध्वज-, ध्वज,ధ్వజ స్థంభము,pillar of flag-staff
 अशस्त-, अशस्त,అశస్తమైన,"Not esteemed, hated, ill-starred"
 छाया-, छाया,నీడ,shadow
 भस्म-, भस्मन्,బూడిద,ash
 तुष-, तुष,ధాన్యపు పొట్టు,The husk or chaff of grain
 अशुचीन्, अशुचि{पुं;2;बहु},అపరిశుభ్రమైన,unclean
 न, न{अव्य},వద్దు,"not, no"
 आक्रामेत्, आङ्_क्रम्1{कर्तरि;विधिलिङ्;प्र;एक;परस्मैपदी;भ्वादिः},దాటరాదు,step over
 शर्करा-, शर्करा,కంకర ఱాయి,gravel
 लोष्ट-, लोष्ट,మట్టి గడ్డలు,mud/stone heap
 बलि-, बलि,బలి,sacrifice
 स्नान-, स्नान,స్నానముు (చేసిన నీరు),bath (water)
 भुवः, भू{पुं;2;बहु},నిప్పును,fire
 न, न{अव्य},,"not, no"
 च, च{अव्य},మరియు,"and,also"
 (आक्रामेत्), आङ्_क्रम्1{कर्तरि;विधिलिङ्;प्र;एक;परस्मैपदी;भ्वादिः},దాటరాదు,step over
  , -,,
 नदीम्, नदी{स्त्री;2;एक},నదిని,river
 तरेत्, तॄ1{कर्तरि;विधिलिङ्;प्र;एक;परस्मैपदी;भ्वादिः},దాటరాదు,cross 
 न, न{अव्य},న,"not, no"
 बाहुभ्याम्, बाहु{पुं;3;द्वि},బాహువులతో(ఈదుట),with hands
 न, न{अव्य},న,"not, no"
 अग्नि-, अग्नि,నిప్పు,fire
 स्कन्धम्, स्कन्ध{पुं;2;एक},సముదాయం,"aggregate, mob"
 अभिव्रजेत्, अभि_व्रज्1{कर्तरि;विधिलिङ्;प्र;एक;परस्मैपदी;भ्वादिः},ఎదురెళ్ళు,Go facing it
  , -,,
 सन्दिग्ध-, सन्दिग्ध(सम्_दिह्1;क्त;अदादिः),అనుమానాస్పద,Suspicious
 नावम्, नौ{स्त्री;2;एक},నావ ,
 वृक्षम्, वृक्ष{पुं;2;एक},చెట్టు,
 च, च{अव्य},మరియు,"and,also"
 न, न{अव्य},న,"not, no"
 आरोहेत्, आङ्_रुह्1{कर्तरि;विधिलिङ्;प्र;एक;परस्मैपदी;भ्वादिः},ఎక్కరాదు,
 दुष्ट-, दुष्ट(दुष्1;क्त;दिवादिः),"దుష్టమైన,చెడు",
 यानवत्, यानवत्{अव्य;वति)},బండి ప్రయాణం,traveling in a carriage
  , -,,
 न, न{अव्य},న,"not, no"
 अ-, अ,అ,
 संवृत-, संवृत,"మూయబడిన, కప్పబడిన",covered
 मुखः, मुख{पुं;1;एक},నోరు,
 कुर्यात्, कृ3{कर्तरि;विधिलिङ्;प्र;एक;परस्मैपदी;तनादिः},చేయాలి,should do 
 क्षुति-, क्षुति,తుమ్ము,sneezing
 हास्य-, हास्य(हस्1;ण्यत्;भ्वादिः),నవ్వు,laughing
 विजृम्भणम्, विजृम्भण{पुं;2;एक},ఆవులింత,yawning
  , -,,
 नासिकाम्, नासिका{स्त्री;2;एक},ముక్కును,the nose
 चेष्टेत, चेष्ट्1{कर्तरि;विधिलिङ्;प्र;एक;आत्मनेपदी;भ्वादिः},ఆంగముల కడలించుట,Moving the limbs
 विगुणम्, विगुण{नपुं;1;एक},అస్తవ్యస్తము,"disordered, corrupted"
 न, न{अव्य},న,"not, no"
 आसीत, आस्1{कर्तरि;विधिलिङ्;प्र;एक;आत्मनेपदी;अदादिः},కూర్చొను,Sit 
 उत्कटकः, उत्कटक{पुं;1;एक},చతికిలబడిన,squatting
 चिरम्, चिरम्{अव्य},చిర కాలము,for a long time
  , -,,
 न, न{अव्य},వద్దు,"not, no"
 विकुष्णीयात्, वि_कुष्1{कर्तरि;विधिलिङ्;प्र;एक;परस्मैपदी;क्र्यादिः},లాగవలెను,should pull away
 न, न{अव्य},వద్దు,"not, no"
 अकस्मात्, अकस्मात्{अव्य},అకస్మాత్తుగా,Suddenly
 विलिखेत्, वि_लिख्1{कर्तरि;विधिलिङ्;प्र;एक;परस्मैपदी;तुदादिः},,scratch
 भुवम्, भू{स्त्री;2;एक},గీరడము,the Earth
 न, न{अव्य},న,"not, no"
 अङ्गैः, अङ्ग{पुं;3;बहु},అంగములతో,with body parts
 देह-, देह,శారీరిక,bodily
 वाक्-, वाच्,"వాచిక, మాటలద్వారా",speech
 चेतसाम्, चेतस्{पुं;6;बहु},మనస్సు యొక్క ,of the mind
  , -,,
 चेष्टाः, चेष्टा{स्त्री;2;बहु},"కార్యములు, చేతలు,చేష్టలు",actions
 प्राक्, प्राक्{अव्य},ముందు,before
 श्रमात्, श्रम{पुं;5;एक},శ్రమ వలన,from exertion
 विनिवर्तयेत्, वि_नि_वृत्1{णिच्;कर्तरि;विधिलिङ्;प्र;एक;परस्मैपदी;भ्वादिः}, వినియోగించాలి,To be used
 न, न{अव्य},,"not, no"
 ऊर्ध्व-, ऊर्ध्व,పైకి,"Raised, elevated, upwards"
 जानुः, जानु{पुं;1;एक},మోకాలు,knee
 चिरम्, चिरम्{अव्य},చిర కాలము,for a long time
 तिष्ठेत्, ष्था1{कर्तरि;विधिलिङ्;प्र;एक;परस्मैपदी;भ्वादिः},నిలుచు,"stand, stay"
 नक्तम्, नक्तम्{अव्य},రాత్రి,by night
 न, न{अव्य},న,"not, no"
 (सेवेत), सेव्1{कर्तरि;विधिलिङ्;प्र;एक;आत्मनेपदी;भ्वादिः},సేవించాలి,serve
  , -,,
 सेवेत, सेव्1{कर्तरि;विधिलिङ्;प्र;एक;आत्मनेपदी;भ्वादिः},సేవించాలి,serve
 न, न{अव्य},న,"not, no"
 द्रुमम्, द्रुम{पुं;2;एक},చెట్టును,tree
 तथा, तथा{अव्य},అలాగే ఉంటుంది,so it shall be
 चत्वर-, चत्वर,కూడలి,cross-way
 चैत्य-, चैत्य,దేవతా వృక్షాలు,trees
 अन्तः-, -अन्तः,అంతము,"limit, boundary,termination"
 चतुः-, चतुष्पथ,నాలుగు,four
 पथ-, पथ,మార్గం,"path, road"
 सुर-, सुर,దేవ ,"A god, divinity, deity"
 आलयान्, आलय{पुं;2;बहु},ఆలయమును,"An abode, a house, a dwelling"
 सूना-, सूना,కబేళా,slaughter-house
 अटवी-, अटवी,అడవి,forest
 शून्य-, शून्य,ఖాళీ,empty
 गृह-, गृह,ఇల్లు,house
 श्मशानानि, श्मशान{नपुं;1;बहु},స్మశానవాటికలు,cemeteries
 दिवा, दिवा{अव्य},పగటిపూట,"By day, in the daytime"
 अपि, अपि{अव्य},కూడా, also
 सर्वथा, सर्वथा{अव्य},అన్ని విధాలుగా,"in every way,by all means"
 ईक्षेत, ईक्ष्1{कर्तरि;विधिलिङ्;प्र;एक;आत्मनेपदी;भ्वादिः},,look
 प्रततम्, प्रतत{नपुं;2;एक(प्र_तन्1;क्त;तनादिः)},నిరంతరం,continuously
 सूक्ष्मम्, सूक्ष्म{नपुं;2;एक},సూక్ష్మముని,"Subtle,minute"
 दीप्त-, दीप्त,ప్రకాశవంతమైన,blazing
 अमेध्य-, अमेध्य,అపవిత్రమైన,"filthy,  dirty"
 अ-, -अ,అ,not
 प्रियाणि, प्रिय{नपुं;2;बहु},ఇష్టమైన,"liked, favorite, wanted"
 च, च{अव्य},మరియు,and
  , -,,
 ईक्षेत, ईक्ष्1{कर्तरि;विधिलिङ्;प्र;एक;आत्मनेपदी;भ्वादिः},చూడు,look
 न, न{अव्य},న,"not, no"
 आदित्यम्, आदित्य{पुं;2;एक},సూర్యుని,Sun God
 न, न{अव्य},న,"not, no"
 भारम्, भार{पुं;2;एक},బరువుని,weight
 शिरसा, शिरस्{नपुं;3;एक},తలతో,with head
 वहेत्, वह्1{कर्तरि;विधिलिङ्;प्र;एक;परस्मैपदी;भ्वादिः},మోయాలి,carry
 न, न{अव्य},న,"not, no"
 मद्य-, मद्य,మద్యము,liquor
 विक्रय-, विक्रय(वि_क्री1;घञ्;क्र्यादिः),అమ్ముట,sale
 सन्धान-, सन्धान,"పులియబెట్టుట, మద్యం తయారీ","Joining, manufacture of fermented or spirituous liquors; "
 दान-, दान,దానము చేయుట,"charity,Donation"
 आदानानि, आदान{नपुं;2;बहु(आङ्_दा3;ल्युट्;जुहोत्यादिः)},స్వీకరించుట,receive
 न, न{अव्य},న,"not, no"
 आचरेत्, आङ्_चर्1{कर्तरि;विधिलिङ्;प्र;एक;परस्मैपदी;भ्वादिः},ఆచరించాలి,conduct
  , -,,
 पुरो-, पुरो,ఎదురు,
 वात-, वात(वा1;क्त;अदादिः),గాలి,"air, breeze"
 आतप-, आतप,ఎండ,sunshine
 रजस्-, रजस्,దుమ్ము,mist
 तुषार-, तुषार,మంచు,"snow, mist, dew"
 परुष-, परुष,"కఠినమైన,పరుషమైన","harsh, rough"
 अनिलान्, अनिल{पुं;2;बहु},గాలిని,"air, breeze"
 त्यजेत्, त्यज्1{कर्तरि;विधिलिङ्;प्र;एक;परस्मैपदी;भ्वादिः},వదలివేయవలెను,abandon
  , -,,
 अनृजुः, अनृजु{पुं;1;एक},అపసవ్య,disordered
 क्षवथु-, क्षवथु,తుమ్ము,Sneezing
 उद्गार-, उद्गार(उत्_गॄ1;घञ्;तुदादिः),త్రేనుపు,belching
 कास-, कास,దగ్గు,cough
 स्वप्न-, स्वप्न,నిద్ర,sleep
 अन्न-, अन्न,అన్నము,food
 मैथुनम्, मैथुन{पुं;2;एक},మైథునము,intercourse
 (त्यजेत्), त्यज्1{कर्तरि;विधिलिङ्;प्र;एक;परस्मैपदी;भ्वादिः},వదలివేయవలెను,abandon
  , -,,
 कूल-, कूल,నీటి ఒడ్డు,"a shore, bank"
 छायाम्, छाया{स्त्री;2;एक},నీడ,shade
 सन्ध्यासु, सन्ध्या{स्त्री;7;बहु},సంధ్యా సమయం,at dawn and dusk
 अभ्यवहार-, अभ्यवहार(अभि_अव_हृ1;घञ्;भ्वादिः),తినడం,eating
 स्त्री-, स्त्री,స్త్రీ,female
 स्वप्न-, स्वप्न,నిద్ర,sleep
 अध्ययन-, अध्ययन,అధ్యయనం,reading
 चिन्तनम्, चिन्तन{नपुं;2;एक},"ఆలోచన, చింతన",thinking
 (त्यजेत्), त्यज्1{कर्तरि;विधिलिङ्;प्र;एक;परस्मैपदी;भ्वादिः},వదలివేయవలెను,abandon
  , -,,
 नृप-, नृप,రాజు,king
 द्विष्टम्, द्विष्ट{पुं;2;एक(द्विष्1;क्त;अदादिः)},ద్వేషింపబడువాడు,hate
 व्याल-, व्याल,కృూర,wild animals
 दंष्ट्रि-, दंष्ट्रिन्,కోరల,"Tusked, having large teeth"
 विषाणिनः, विषाणिन्{पुं;2;बहु},విష జంతువులు,poisonous animals
 हीन-, हीन(हा2;क्त;जुहोत्यादिः),హీనమైన,inferior
 अन्, अन्,అన్ ,Un-
 आर्य-, आर्य,ఆర్యుడు,"A respectable or honorable or faithful man, an inhabitant of Āryāvarta "
 अति-, -अति,అతి,excessively
 निपुण-, निपुण,నైపుణ్యం,skillful
 सेवाम्, सेवा{स्त्री;2;एक},సేవ ,service
 (च), च{अव्य},మరియు,and
 (त्यजेत्), त्यज्1{कर्तरि;विधिलिङ्;प्र;एक;परस्मैपदी;भ्वादिः},వదలివేయవలెను,abandon
 विग्रहम्, विग्रह{पुं;2;एक},వేర్పాటు,"separation, isolation"
 उत्तमैः, उत्तम{पुं;3;बहु},ఉత్తములతో,with excellent people
 (त्यजेत्), त्यज्1{कर्तरि;विधिलिङ्;प्र;एक;परस्मैपदी;भ्वादिः},వదలివేయవలెను,abandon
 शत्रु-, शत्रु,శత్రువు,"enemy, foe"
 सत्र-, सत्र,కలిసి,"with,together"
 गण-, गण,గణము,troop
 आकीर्ण-, आकीर्ण,సందోహము,crowded
 गणिका-, गणिका(गण1;ण्वुल्;चुरादिः),వేశ్య,courtesan
 पणिक-, -पणिक,అమ్మిన,sold
 अशनम्, अशन{नपुं;2;एक(अश्1;ल्युट्;स्वादिः)},ఆహారం,"food, eating"
 (त्यजेत्), त्यज्1{कर्तरि;विधिलिङ्;प्र;एक;परस्मैपदी;भ्वादिः},వదలివేయవలెను,abandon
  , -,,
 गात्र-, गात्र,శరీర అవయవములు,a limb or member of the body
 वक्त्र-, वक्त्र,నోరు,mouth
 नखैः, नख{पुं;3;बहु},గోళ్ళతో,with nails
 वाद्यम्, वाद्य{नपुं;2;एक(वद्1;ण्यत्;भ्वादिः)},"సంగీత పరికరము,వాయిద్యము",sound of a musical instrument
 (त्यजेत्), त्यज्1{कर्तरि;विधिलिङ्;प्र;एक;परस्मैपदी;भ्वादिः},వదలివేయవలెను,abandon
 हस्त-, हस्त,చేతులు,hands
 केश-, केश,జుట్టు,hair
 अवधूननम्, अवधूनन{पुं;2;एक},విదిలించుట,Shaking
 (त्यजेत्), त्यज्1{कर्तरि;विधिलिङ्;प्र;एक;परस्मैपदी;भ्वादिः},వదలివేయవలెను,abandon
  , -,,
 तोय-, तोय,నీరు,water
 अग्नि-, अग्नि,నిప్పు,fire
 पूज्य-, पूज्य(पूज्1;यत्;चुरादिः),పూజనీయులు,respectable
 मध्येन, मध्य{पुं;3;एक},మధలోన,in or through the midst of
 स्त्रीषु, स्त्री{स्त्री;7;बहु},స్త్రీలలో,in women
 च, च{अव्य},మరియు,and
 त्यजेत्, त्यज्1{कर्तरि;विधिलिङ्;प्र;एक;परस्मैपदी;भ्वादिः},వదలివేయవలెను,abandon
  , -,,
 यानम्, यान{नपुं;2;एक},ప్రయాణం,journey
 (त्यजेत्), त्यज्1{कर्तरि;विधिलिङ्;प्र;एक;परस्मैपदी;भ्वादिः},వదలివేయవలెను,abandon
 धूमम्, धूम{पुं;2;एक},పొగ,smoke
 शव-, शव,శవం,corpse
 आश्रयम्, आश्रय{पुं;2;एक},ఆశ్రయం,shelter
 मद्य-, मद्य,మద్యము,liquor
 अति-, -अति,అతి,excessive
 सक्तिम्, सक्ति{स्त्री;2;एक},ఆసక్తి,"attachment, addiction"
 (च), च{अव्य},మరియు,"and,also"
 (त्यजेत्), त्यज्1{कर्तरि;विधिलिङ्;प्र;एक;परस्मैपदी;भ्वादिः},వదలివేయవలెను,abandon
 विश्रम्भ-, विश्रम्भ,సడలింపు,"slackening, loosening"
 स्वातन्त्र्ये, स्वातन्त्र्य{नपुं;2;द्वि},స్వాతంత్ర్యమును,independence
 आचार्यः, आचार्य{पुं;1;एक},ఆచార్యుడు,A teacher or preceptor
 एव, एव{अव्य},ఖచ్చితంగా,indeed
 अतः, अतः{अव्य},కాబట్టి,
 लौकिके, लौकिक{पुं;7;एक},లౌకిక,"in men familiar with the ways of the world, in men of the world"
 अर्थे, अर्थ{पुं;7;एक},విషయములందు,"on account of, matters of"
 परीक्षकः, परीक्षक{पुं;1;एक},పరీక్షించువాడు,evaluator
  , -,,
 सर्व-, सर्व,అన్ని,all
 चेष्टासु, चेष्टा{स्त्री;7;बहु},కార్యములలో,in activities
 लोकः, लोक{पुं;1;एक},లోకము ,world
 एव, एव{अव्य},ఖచ్చితంగా,indeed
 हि, हि{अव्य},,"for, because, on account of"
 धीमतः, धीमत्{पुं;6;एक},బుద్ధిమంతుడు,knowledgeable
 (भवति), भू1{कर्तरि;लट्;प्र;एक;परस्मैपदी;भ्वादिः},అవుతుంది,happens
 अनुकुर्यात्, अनु_कृ3{कर्तरि;विधिलिङ्;प्र;एक;परस्मैपदी;तनादिः},మరల చేయాలి,Should repeat
 तम्, तद्{सर्वनाम;पुं;2;एक},దానిని  ,That
 आर्द्र-, आर्द्र,దయ,compassion
 सन्तानता, सन्तानता{स्त्री;1;एक},భూతముల ,living beings
 (भवति), भू1{कर्तरि;लट्;प्र;एक;परस्मैपदी;भ्वादिः},అవుతుంది,happens
  , -,,
 त्यागः, त्याग{पुं;1;एक},పరిత్యజించుట,forsake
 काय-, काय,శరీర,body 
 वाक्-, वाच्,"మాట,వాక్కు",speech
 चेतसाम्, चेतस्{पुं;6;बहु},కార్యములలో,actions belonging to 
 दमः, दम{पुं;1;एक},"నిగ్రహము, ధృఢ చిత్తము",firmness of mind
 स्व-, स्व,సొంత,self
 अर्थ-, अर्थ,ప్రయోజన,purpose
 बुद्धिः, बुद्धि{स्त्री;1;एक},బుద్ధి,Intellect
 पर-, पर,ఇతరుల,others
 अर्थेषु, अर्थ{पुं;7;बहु},కొఱకు,On purpose
 पर्याप्तम्, पर्याप्त{नपुं;1;एक},పూర్తిగా,completely
 इति, इति{अव्य},ఈ విధంగా,"in this manner, thus "
 सत्-, सत्,మంచి,virtuous
 व्रतम्, व्रत{नपुं;1;एक},"ప్రవర్తన,",Conduct
 नक्तं-, नक्तं,రాత్రి ,night
 दिनानि, दिन{नपुं;1;बहु},పగలు,days
 नित्यम्, नित्य{नपुं;1;एक},ఎల్లప్పుడూ,always
 सन्निहित-, सन्निहित(सम्_नि_धा1;क्त;जुहोत्यादिः),సమీప,near
 स्मृतिः, स्मृति{पुं;1;एक},ఙ్గాపకము,memory
 (सन्), सत्{पुं;1;एक(अस्2;शतृ_लट्;अदादिः)},లాభము,gain
  , -,,
 मे, अस्मद्{सर्वनाम;6;एक},నా యొక్క,my
 यान्ति, या1{कर्तरि;लट्;प्र;बहु;परस्मैपदी;अदादिः},గడుచు కాలము ,passing time
 कथम्-, कथम्,ఏ విధంగా,"How, in what way"
 भूतस्य, भूत{नपुं;6;एक},భూతముల యొక్క,of living beings
 सम्प्रति, सम्प्रति{अव्य},సరియైన,"rightly, in the right way"
 दुःखभाक्, दुःखभाज्{पुं;1;एक},దుఃఖితుడు,unhappy
 न, न{अव्य},న,"not, no"
 भवति, भू1{कर्तरि;लट्;प्र;एक;परस्मैपदी;भ्वादिः},అవుతుంది,happens
 एवम्, एवम्{अव्य},అందువలన,thus
 इति, इति{अव्य},ఈ విధంగా,"in this manner, thus "
 ऐश्वर्यम्, ऐश्वर्य{नपुं;2;एक},ఐశ్వర్యము,Affluence
 यशः, यशस्{नपुं;2;एक},యశస,glory
 लोकान्, लोक{पुं;2;बहु},లోకములను,worlds
 च, च{अव्य},మరియు,"and,also"
 शाश्वतान्, शाश्वत{पुं;2;बहु},శాశ్వతమైన,eternal
  , -,,
 आचारः, आचार{पुं;1;एक(आङ्_चर्1;घञ्;भ्वादिः)},"ప్రవర్తన,",conduct
 समासेन, समास{पुं;3;एक(सम्_अस्3;घञ्;दिवादिः)},సంక్షిప్తంగా,In summary
 (भवति), भू1{कर्तरि;लट्;प्र;एक;परस्मैपदी;भ्वादिः},అవుతుంది,happens
 यम्, यद्{सर्वनाम;पुं;2;एक},ఏది,who
 प्राप्नोति, प्र_आप्1{कर्तरि;लट्;प्र;एक;परस्मैपदी;स्वादिः},లభిస్తుంది,gets it
 समाचरन्, समाचरत्{पुं;1;एक(सम्_आङ्_चर्;शतृ_लट्;भ्वादिः)},,practicing
 आयुः, आयुस्{नपुं;2;एक},ఆయువు,longevity
 आरोग्यम्,""" आरोग्य{नपुं;2;एक}""}",ఆరోగ్యము,Good health
