1,1.1,अथ,अथ{अव्य},,
2,2.1,अतः,अतः{अव्य},,
3,3.1,द्रव-,द्रव,ద్రవ,
4,3.2,द्रव्य-,द्रव्य,ద్రవ్య,
5,3.3,विज्ञानीयम्,विज्ञानीय{पुं;2;एक(वि_ज्ञा1;अनीयर्;क्र्यादिः)},విజ్ఙానీయమను,
6,4.1,अध्यायम्,अध्याय{पुं;2;एक(अधि_इ4;घञ्;अदादिः)},అధ్యాయమును,
7,5.1,व्याख्यास्यामः,वि_आङ्_ख्या1{कर्तरि;लृट्;उ;बहु;परस्मैपदी;अदादिः},వ్యాఖ్యానించెదము,
8,6.1,.,-,,
9,1.1,इति,इति{अव्य},అని,
10,2.1,ह,ह{अव्य},,
11,3.1,स्म,स्म{अव्य},,
12,4.1,आहुः,ब्रू1{कर्तरि;लट्;प्र;बहु;परस्मैपदी;अदादिः},చెప్పిరి,
13,5.1,आत्रेय-,आत्रेय,ఆత్రేయుడు,
14,5.2,आदयः,आदि{पुं;1;बहु},మొదలగు,
15,6.1,महा-,महत्,మహా,
16,6.2,ऋषयः,ऋषि{पुं;1;बहु},ఋషులు,
17,7.1,.,-,,
18,10.1,लघु,लघु{नपुं;1;एक},లఘు,
19,11.1,अमृत-,अमृत,అమృతము,
20,11.2,उपमम्,उपम{नपुं;1;एक},,
21,12.1,गङ्गा-,गङ्गा,గంగా,
22,12.2,अम्बु,अम्बु{नपुं;1;एक},"జలం, నీరు",
23,13.1,नभसः,नभस्{नपुं;5;एक},ఆకాశము నుండి,
24,14.1,भ्रष्टम्,भ्रष्ट{नपुं;1;एक(भ्रस्ज्1;क्त;तुदादिः)},పడిన,
25,15.1,(च),च{अव्य},మరియు,
26,16.1,(भवति),भू1{कर्तरि;लट्;प्र;एक;परस्मैपदी;भ्वादिः},ఔతుంది,
27,17.1,.,-,,
28,2.1,जीवनम्,जीवन{नपुं;1;एक},"జీవనము, ఓజోవృద్ధికరం, సౌమ్యధాతువులను వృద్ధి చెందించునది",
29,3.1,तर्पणम्,तर्पण{नपुं;1;एक},"తర్పణము, తృప్తినిచ్చునది",
30,4.1,हृद्यम्,हृद्य{नपुं;1;एक},మనస్సునకు నచ్చేది,
31,5.1,ह्लादि,ह्लादिन्{नपुं;1;एक},"ఆహ్లాదకరం, సుఖజనకం",
32,6.1,बुद्धि-,बुद्धि,బుద్ధి,
33,6.2,प्रबोधनम्,प्रबोधन{नपुं;1;एक},వికసింపజేయునది,
34,7.1,तनु,तनु{नपुं;1;एक},స్వచ్ఛము,
35,8.1,अ-,अ,అ,
36,8.2,व्यक्त-,व्यक्त,వ్యక్త,
37,8.3,रसम्,रस{नपुं;1;एक},రసము(రుచి),
38,9.1,मृष्टम्,मृष्ट{नपुं;1;एक(मृश्1;क्त;तुदादिः)},జిహ్వకు ప్రియమైనది,
39,9.1,शीतम्,शीत{नपुं;1;एक},"శీత వీర్యము,",
40,1.1,स्पृष्टम्,स्पृष्ट{नपुं;1;एक(स्पृश्1;क्त;तुदादिः)},స్ప్రశింపబడినది,
41,2.1,तु,तु{अव्य},,
42,3.1,अर्क-,अर्क,సూర్యుడు,
43,3.2,इन्दु-,इन्दु,చంద్రుడు,
44,3.3,मारुतैः,मारुत{पुं;3;बहु},వాయువులచే,
45,4.1,हित-,हित(धा1;क्त;जुहोत्यादिः),"హితము,పథ్యము",
46,4.2,अ-,-अ,అ,
47,4.3,हितत्वे,हितत्व{नपुं;7;एक},"హితములో,పథ్యములో",
48,5.1,तत्,तद्{सर्वनाम;नपुं;1;एक},ఆ,
49,6.1,भूयः,भूयस्{नपुं;1;एक},,
50,7.1,देश-,देश,దేశ,
51,7.2,कालौ,काल{पुं;2;द्वि},కాలములను,
52,8.1,अपेक्षते,अप_ईक्ष्1{कर्तरि;लट्;प्र;एक;आत्मनेपदी;भ्वादिः},అపేక్షించును,
53,9.1,.,-,,
54,1.1,येन,यद्{सर्वनाम;नपुं;3;एक},దేని ద్వారా,
55,10.1,(भवति),भू1{कर्तरि;लट्;प्र;एक;परस्मैपदी;भ्वादिः},ఔతుంది,
56,11.1,तत्,तद्{सर्वनाम;नपुं;1;एक},ఆ,
57,12.1,पेयम्,पेय{नपुं;1;एक(पा2;यत्;अदादिः)},"పాన యోగ్యము, తాగదగినది",
58,13.1,गाङ्गम्,गाङ्ग{नपुं;1;एक},గంగా జలము,
59,14.1,.,-,,
60,2.1,अभिवृष्टम्,अभिवृष्ट{नपुं;1;एक(अभि_वृष्1;क्त;भ्वादिः)},"వర్షించిన, పోసిన",
61,3.1,अ-,अ,అ,
62,3.2,मलम्,मल{नपुं;1;एक},మలినము,
63,4.1,शालि-,शालि,శాలి,
64,4.2,अन्नम्,अन्न{नपुं;1;एक},అన్నము,
65,5.1,राजते,राजत{नपुं;7;एक},"రజత పాత్రలో, వెండి గిన్నెలో",
66,6.1,स्थितम्,स्थित{नपुं;1;एक(ष्था1;क्त;भ्वादिः)},"ఉన్న, ఉంచిన",
67,7.1,अ-,अ,అ,
68,7.2,क्लिन्नम्,क्लिन्न{नपुं;1;एक(क्लिद्2;क्त;दिवादिः)}/,"తడిసిన, పాసిన",
69,8.1,अ-,अ,అ,
70,8.2,विवर्णम्,विवर्ण{नपुं;1;एक},రంగు మారుట,
71,9.1,(च),च{अव्य},మరియు,
72,1.1,अन्यथा,अन्यथा{अव्य},"లేకుంటే, లేదా",
73,2.1,सामुद्रम्,सामुद्र{नपुं;1;एक},సముద్రపు నీరు,
74,3.1,तत्,तद्{सर्वनाम;नपुं;1;एक},ఆ,
75,4.1,न,न{अव्य},కాదు,
76,5.1,पातव्यम्,पातव्य{नपुं;1;एक(पा1;तव्यत्;भ्वादिः)},తాగదగినది,
77,6.1,मासात्,मास{पुं;5;एक},మాసము ,
78,7.1,आश्वयुजात्,आश्वयुज{पुं;5;एक},ఆశ్వయుజము ,
79,8.1,विना,विना{अव्य},తప్పించి,
80,9.1,.,-,,
81,1.1,ऐन्द्रम्,ऐन्द्र{नपुं;2;एक},"ఆకాశ(ఉదకము), వర్షపు (నీరు)",
82,2.1,अम्बु,अम्बु{नपुं;2;एक},"జలమును, నీటిని",
83,3.1,सु-,सु,మంచి,
84,3.2,पात्र-,पात्र,పాత్రలో,
85,3.3,स्थम्,स्थ{नपुं;2;एक},ఉంచబడినది,
86,4.1,अ-,अ,"అ, లేనిది",
87,4.2,विपन्नम्,विपन्न{नपुं;2;एक},దోషములు,
88,5.1,सदा,सदा{अव्य},ఎల్లప్పుడూ,
89,6.1,पिबेत्,पा1{कर्तरि;विधिलिङ्;प्र;एक;परस्मैपदी;भ्वादिः},"తాగాలి,తాగవలెను",
90,7.1,.,-,,
91,1.1,तत्-,तत्,"ఆ (అమలిన, ఐంద్ర జలము)",
92,1.2,अभावे,अभाव{नपुं;7;एक},అభావమునందు,
93,10.1,(पिबेत्),पा1{कर्तरि;विधिलिङ्;प्र;एक;परस्मैपदी;भ्वादिः},"తాగాలి,తాగవలెను",
94,11.1,.,-,,
95,2.1,च,च{अव्य},మరియు,
96,3.1,भूमि-,भूमि,భూమి,
97,3.2,स्थम्,स्थ{नपुं;2;एक},ప్రదేశము,
98,4.1,आन्तरिक्ष-,आन्तरिक्ष,ఆంతరిక్ష (జలము),
99,4.2,अनुकारि,अनुकारिन्{नपुं;2;एक},"అనుకరించు,సరిపోలిన",
100,5.1,यत्,यद्{सर्व;नपुं;2;एक},ఏది,
101,6.1,शुचि-,शुचि,శుభ్రము,
102,6.2,पृथु-,पृथु,విశాలమైన,
103,6.3,असित-,असित(अस्1;क्त;भ्वादिः),నలుపు,
104,6.4,श्वेते,श्वेत{पुं;7;एक},తెలుపు,
105,7.1,देशे,देश{पुं;7;एक},దేశము/భూమిలో,
106,8.1,अर्क-,अर्क,సూర్యుడు,
107,8.2,पवन-,पवन(पू1;ल्युट्;भ्वादिः),వాయువులచే,
108,8.3,आहतम्,आङ्_हन्1{कर्तरि;लोट्;म;द्वि;परस्मैपदी;अदादिः},తాకబడినది,
109,9.1,(तत्),तद्{सर्व;नपुं;2;एक},దానిని,
110,1.1,न,न{अव्य},కానిది,
111,10.1,तप्तम्,तप्त{नपुं;2;एक(तप्1;क्त;भ्वादिः)},వేడి చేసినది,made hot repeatedly
112,11.1,दन्त-,दन्त,పండ్లు,
113,11.2,ग्राहि,ग्राहिन्{नपुं;2;एक},పట్టుకొనునట్లు,
114,12.1,अति-,अति,అతి,
115,12.2,शैत्यतः,शैत्य{अव्य;तसिल्},చల్లని,
116,13.1,(च),च{अव्य्},మరియు,
117,14.1,(जलम्),जल{नपुं;2;एक},నీటిని,
118,15.1,.,-,,
119,2.1,पिबेत्,पा1{कर्तरि;विधिलिङ्;प्र;एक;परस्मैपदी;भ्वादिः},"తాగాలి, తాగవలెను",
120,3.1,पङ्क-,पङ्क,బురద,
121,3.2,शैवाल-,शैवाल,పాచి,
122,3.3,तृण-,तृण,గడ్డి,
123,3.4,पर्ण-,पर्ण,ఆకులు,
124,3.5,आविल-,आविल,మలినముతో,
125,3.6,आस्तृतम्,आस्तृत{नपुं;2;एक},కప్పబడిన,
126,4.1,सूर्य-,सूर्य,సూర్యుడు,
127,4.2,इन्दु-,इन्दु,చంద్రుడు,
128,4.3,पवन-,पवन(पू1;ल्युट्;भ्वादिः),"వాయువు,గాలి",
129,4.4,अ-,अ,కానిది,
130,4.5,दृष्टम्,दृष्ट{नपुं;2;एक},చూసినది,
131,5.1,अभिवृष्टम्,अभि_वृष्1{क्त;वृषुँ;भ्वादिः;अभिवृष्ट;ना;नपुं;2;एक},"వర్షించిన, పోసిన",
132,6.1,घनम्,घन{नपुं;2;एक},ఘనత్వము,
133,7.1,गुरु,गुरु{नपुं;2;एक},గురు గుణము కలది,
134,8.1,फेनिलम्,फेनिल{नपुं;2;एक},నురుగుతో కూడినది,
135,9.1,जन्तुमत्,जन्तु{मतुप्;नपुं;2;एक},పురుగులు కలది,
136,1.1,अन्-,अन,కానిది,
137,1.2,आर्तवम्,आर्तव{नपुं;2;एक},ఋతువు,
138,10.1,लूता-,लूताः,సాలె పురుగు,
139,10.2,आदि-,-आदिः,మొదలగు వాని,
140,10.3,तन्तु-,तन्तु,తీగలు,
141,10.4,विट्-,विश्,"పురీషము,మలము",
142,10.5,मूत्र-,मूत्र,మూత్రము,
143,10.6,विष-,विष,విషము,
144,10.7,संश्लेष-,संश्लेष,"సంయోగము, కలయిక చే",
145,10.8,दूषितम्,दूषित{नपुं;2;एक},దూషింపబడినది,
146,11.1,(तत्),तद्{सर्व;नपुं;2;एक},దానిని,
147,12.1,(न),न{अव्य्},వద్దు,
148,13.1,(पिबेत्),पा1{कर्तरि;विधिलिङ्;प्र;एक;परस्मैपदी;भ्वादिः},"తాగాలి,తాగవలెను",
149,14.1,.,-,,
150,2.1,च,च{अव्य},మరియు,
151,3.1,यत्,यद्{सर्व;नपुं;2;एक},ఏది,
152,4.1,दिव्यम्,दिव्य{नपुं;2;एक},దివ్య జలమును,
153,5.1,(तत्),तद्{सर्व;नपुं;2;एक},దానిని,
154,6.1,आर्तवम्,आर्तव{नपुं;2;एक},ఋతువున (వర్ష ఋతువున కురిసినది),
155,7.1,प्रथमम्,प्रथम{नपुं;2;एक},మొదటి వర్షము,
156,8.1,च,च{अव्य},మరియు,
157,9.1,यत्,यद्{सर्व;नपुं;2;एक},ఏది,
158,1.1,पश्चिम-,पश्चिम,పడమటి ,
159,1.2,उदधि-,उदधि,సముద్రము,
160,1.3,गाः,गा{स्त्री;1;बहु},చేరునవి,
161,10.1,नद्यः,नदी{स्त्री;1;बहु},నదులు,
162,11.1,.,-,,
163,2.1,शीघ्र-,शीघ्र,త్వరిత గతిని,
164,2.2,वहाः,वहा{स्त्री;1;बहु},ప్రవహించునవి,
165,3.1,याः,यद्{सर्व;स्त्री;1;बहु},ఏవి,
166,4.1,च,च{अव्य},మరియు,
167,5.1,अमल-,अमल,"అమలినమైన, నిర్మలమైన",
168,5.2,उदकाः,उदका{स्त्री;1;बहु},నీళ్ళు,
169,6.1,पथ्याः,पथ्या{स्त्री;1;बहु},పథ్యకరములు,
170,7.1,समासात्,समास{पुं;5;एक(सम्_अस्3;घञ्;दिवादिः)},సంక్షేపముగా,
171,8.1,ताः,तद्{सर्व;स्त्री;1;बहु},అవి,
172,9.1,(भवन्ति),भू1{कर्तरि;लट्;प्र;बहु;परस्मैपदी;भ्वादिः},ఔతాయి,
173,1.1,विपरीताः,विपरीता{स्त्री;1;बहु(वि_परि_इ1;क्त;अदादिः)},వ్యతిరేక లక్షణములు కలవి,
174,2.1,तु,तु{अव्य},,
175,3.1,अतः,अतः{अव्य},,
176,4.1,अन्यथा,अन्यथा{अव्य}, లేదా(అపథ్యకరములు),
177,5.1,(भवन्ति),भू1{कर्तरि;लट्;प्र;बहु;परस्मैपदी;भ्वादिः},ఔతాయి,
178,6.1,.,-,,
179,1.1,उपल-,उपल,బండ రాళ్ళు,
180,1.2,आस्फालन-,आस्फालन,పైన బడుట,
181,1.3,आक्षेप-,आक्षेप,విసురుగా పడటం,
182,1.4,विच्छेदैः,विच्छेद{पुं;3;बहु(वि_छिद्1;घञ्;रुधादिः)},,
183,10.1,स्थिराः,स्थिरा{स्त्री;1;बहु},,
184,11.1,कृमि-,कृमि,కృమి రోగము,
185,11.2,श्लीपद-,श्लीपद,శ్లీపదము(బోదకాలు),
186,11.3,हृत्-,हृत्,హృదయము(ఛాతీ),
187,11.4,कण्ठ-,कण्ठ,గొంతు,
188,11.5,शिरो-,शिरस्,శిరో,
189,11.6,रोगान्,रोग{पुं;2;बहु},రోగములను,
190,12.1,प्रकुर्वते,प्र_कृ3{कर्तरि;लट्;प्र;बहु;आत्मनेपदी;तनादिः},కలిగించును,
191,13.1,.,-,,
192,2.1,खेदित-,खेदित,,
193,2.2,उदकाः,उदका{स्त्री;1;बहु},నీళ్ళు,
194,3.1,हिमवन्-,हिम{मतुप्},హిమాలయ పర్వతము,
195,3.2,मलय-,मलय,మలయ పర్వతము,
196,3.3,उद्भूताः,द्भूता{स्त्री;1;बहु(उत्_भू1;क्त;भ्वादिः)},జనించినవి,
197,4.1,(नद्यः),नदी{स्त्री;1;बहु},నదులు,
198,5.1,पथ्याः,पथ्या{स्त्री;1;बहु},పథ్యకరములు,
199,6.1,(भवन्ति),भू1{कर्तरि;लट्;प्र;बहु;परस्मैपदी;भ्वादिः},ఔతాయి,
200,7.1,ताः,तद्{सर्व;स्त्री;1;बहु},,
201,8.1,एव,एव{अव्य},కాబట్టి,"in its most frequent use of strengthening the idea expressed by any word, एव must be variously rendered by such adverbs as) just, exactly, very, same, only, even, alone, merely, immediately on, still, already"
202,9.1,च,च{अव्य},మరియు,
203,1.1,प्राच्य-,प्राच्य,గౌడ,
204,1.2,अवन्ति-,अन्ति,మాళవ,
205,1.3,अपरान्ता-,-अपरान्ता,కొంకణ దేశమ,
206,1.4,उत्थाः,उत्था{स्त्री;1;बहु},ఉద్భవించిన,
207,10.1,(जनयन्ति),जन्2{णिच्;कर्तरि;लट्;प्र;बहु;परस्मैपदी;दिवादिः}జనింపచేయును,కలిగించును,
208,11.1,दोष-,दोष,దోషములను,
209,11.2,घ्न्यः,घ्नी{स्त्री;1;बहु},హరించును,
210,12.1,पारियात्र-,पारियात्र,పారియాత్ర పర్వతము,
211,12.2,जाः,जा{स्त्री;1;बहु},జనించిన,
212,13.1,बल-,बल,బల,
213,13.2,पौरुष-,पौरुष,పుంస్త్వ,
214,13.3,कारिण्यः,कारिन्{स्त्री;1;बहु},కారకము,
215,14.1,(च),च{अव्य},మరియు,
216,15.1,(भवन्ति),भू1{कर्तरि;लट्;प्र;बहु;परस्मैपदी;भ्वादिः},ఔతాయి,
217,16.1,सागर-,सागर,సముద్రపు  ,
218,16.2,अम्भः,अम्भस्{नपुं;1;एक},నీరు,
219,17.1,त्रि-,त्रि,మూడు,
220,17.2,दोष-,दोष,దోషములను,
221,17.3,कृत्,कृत्{नपुं;1;एक},కలిగించును,
222,18.1,(भवति),भू1{कर्तरि;लट्;प्र;एक;परस्मैपदी;भ्वादिः},ఔతుంది,
223,19.1,-,-,,
224,2.1,दुः-,दुर्,దు-,
225,2.2,नामानि,नामन्{नपुं;2;बहु},ర్నామ రోగము(అర్శస్సు),
226,3.1,(जनयन्ति),जन्2{णिच्;कर्तरि;लट्;प्र;बहु;परस्मैपदी;दिवादिः},కలిగించును,
227,4.1,महा-,महत्,మహా-,
228,4.2,इन्द्र-,इन्द्र,ఇంద్ర పర్వతమున,
229,4.3,जाः,जा{स्त्री;1;बहु},జనించిన నదులు,
230,5.1,उदर-,उदर,ఉదర వ్యాధులు(వాతోదరము మొ),
231,5.2,श्लीपद-,श्लीपद,శ్లీపదము(బోదకాలు),
232,5.3,आतङ्कान्,आतङ्क{पुं;2;बहु},రోగములను,
233,6.1,(जनयन्ति),जन्2{णिच्;कर्तरि;लट्;प्र;बहु;परस्मैपदी;दिवादिः},కలిగించును,
234,7.1,सह्य-,सह्य,సహ్య పర్వతము,
235,7.2,विन्ध्य-,विन्ध्य,వింధ్య పర్వతమున,
236,7.3,उद्भवाः,उद्भवा{स्त्री;1;बहु},ఉద్భవించిన,
237,8.1,पुनः,पुनः{अव्य},మరల,
238,9.1,कुष्ठ-,कुष्ठ,"కుష్ఠము,చర్మ రోగము",
239,9.2,पाण्डु-,पाण्डु,పాండు ,
240,9.3,शिरः-,शिरस्,శిరో ,
241,9.4,रोगान्,रोग{पुं;2;बहु},రోగములను,
242,1.1,विद्यात्,विद्1{कर्तरि;आशीर्लिङ्;प्र;एक;परस्मैपदी;अदादिः},తెలుసుకోవాలి,
243,2.1,कूप-,कूप,బావి,
244,2.2,तडाग-,तडाग,చెరువు,
245,2.3,आदीन्,आदि{पुं;2;बहु},మొదలగు వానిని,
246,3.1,जाङ्गल-,जाङ्गल,జాంగల దేశము,
247,3.2,अनूप-,अनूप,అనూప దేశము,
248,3.3,शैलतः,शैलतः{अव्य},పర్వత ప్రదేశములు,
249,4.1,.,-,,
250,1.1,न,न{अव्य},కాదు,
251,10.1,(पेयम्),पेय{नपुं;2;एक(पि1;यत्;तुदादिः)},"పాన యోగ్యము, తాగదగినది",
252,11.1,.,-,,
253,2.1,अम्बु,अम्बु{नपुं;2;एक},"జలమును, నీటిని",
254,3.1,पेयम्,पेय{नपुं;2;एक(पि1;यत्;तुदादिः)},"పాన యోగ్యము, తాగదగినది",
255,4.1,अ-,अ,అ-,
256,4.2,शक्त्या,शक्ति{स्त्री;3;एक},శక్తిచే,
257,5.1,वा,वा{अव्य},"లేకుంటే, లేదా",
258,6.1,स्वल्पम्,स्वल्प{नपुं;2;एक},చాలా కొంచెము,
259,7.1,अल्प-,अल्प,"అల్పమైన, మంద",
260,7.2,अग्नि-,अग्नि,అగ్ని,
261,7.3,गुल्मिभिः,गुल्मिन्{पुं;3;बहु},గుల్మ రోగము,
262,8.1,पाण्डु-,पाण्डु,పాండు రోగము,
263,8.2,उदर-,उदर,ఉదర వ్యాధులు(వాతోదరము మొ),
264,8.3,अतिसार-,अतिसार,అతిసారము,
265,8.4,अर्श-,-अर्श,"అర్శస్సు,మొలలు",
266,8.5,ग्रहणी-,ग्रहणी,గ్రహణీ రోగము,
267,8.6,शोष-,शोष,శోష,
268,8.7,शोथिभिः,-,"శోథ,వాపు ",
269,9.1,च,च{अव्य},మరియు,
270,1.1,ऋते,ऋते{अव्य},ఋతువులో,
271,2.1,शरत्-,शरत्,శరదృతువు,
272,2.2,निदाघाभ्याम्,निदाघ{पुं;5;द्वि(नि_दह्1;घञ्;भ्वादिः)},గ్రీష్మ ఋతువులలో తప్ప,
273,3.1,पिबेत्,पा1{कर्तरि;विधिलिङ्;प्र;एक;परस्मैपदी;भ्वादिः},"తాగాలి,తాగవలెను",
274,4.1,स्वस्थः,स्वस्थ{पुं;1;एक},"స్వస్థుడు,ఆరోగ్యవంతుడు",
275,5.1,अपि,अपि{अव्य},కూడా,
276,6.1,च,च{अव्य},మరియు,
277,7.1,अल्पशः,अल्पशः{अव्य},కొంచెముగా,
278,8.1,.,-,,
279,1.1,सम-,सम,సమ శరీరము,
280,1.2,स्थूल-,स्थूल,స్థౌల్యము,
281,1.3,कृशाः,कृश{पुं;1;बहु},కృశత్వములు,
282,2.1,भुक्त-,भुक्त,భోజనము,
283,2.2,मध्य-,मध्य,మధ్యలో,
284,2.3,अन्त-,अन्त,అంతములో/ఆఖరిలో,
285,2.4,प्रथम-,प्रथम,ఆరంభమున,
286,2.5,अम्बु-,अम्बु,నీరు,
287,2.6,पाः,पा{स्त्री;1;बहु},పానము చేసిన,
288,3.1,(भवन्ति),भू1{कर्तरि;लट्;प्र;बहु;परस्मैपदी;भ्वादिः},ఔతాయి,
289,4.1,.,-,,
290,1.1,शीतम्,शीत{पुं;1;एक},చల్లని నీరు,
291,2.1,मदात्यय-,मदात्यय,మదాత్యయము,
292,2.2,ग्लानि-,ग्लानि,"బడలిక,అలసట",
293,2.3,मूर्च्छा-,मूर्च्छा,మూర్ఛ,
294,2.4,छर्दि-,छर्दि,వాంతి,
295,2.5,श्रम-,श्रम,శ్రమ,
296,2.6,भ्रमान्,भ्रम{पुं;2;बहु(भ्रम्1;घञ्;भ्वादिः)},భ్రమ/కళ్ళు తిరగడం,भ्रम
297,3.1,तृष्णा-,तृष्णा,దాహము,
298,3.2,उष्ण-,उष्ण,ఉష్ణ వీర్యము,
299,3.3,दाह-,दाह,మంట,
300,3.4,पित्त-,पित्त,పిత్తము,
301,3.5,अस्र-,अस्र,రక్త,
302,3.6,विषाणि,विष{नपुं;2;बहु},విషములను,
303,4.1,अम्बु,अम्बु{नपुं;1;एक},"జలం, నీరు",
304,5.1,(च),च{अव्य},మరియు,
305,6.1,नियच्छति,नि-यम्{कर्तरि;लट्;प्र;एक;परस्मैपदी;भ्वादिः},,
306,7.1,.,-,,
307,1.1,दीपनम्,दीपन{नपुं;1;एक(दीप्1;ल्युट्;दिवादिः)},అగ్ని ని పెంచును,
308,10.1,(तेन),तद्{सर्व;पुं;3;एक},,
309,11.1,हिध्मा-,हिध्मा,హిధ్మ/వెక్కిళ్ళు,
310,11.2,आध्मान-,आध्मान,ఆధ్మానము,
311,11.3,अनिल-,अनिल,వాత రోగములు,
312,11.4,श्लेष्म-,श्लेष्मन्,కఫ రోగములు,
313,11.5,सद्यः-,सद्यः,"శీఘ్రముగ, తత్ క్షణమే",
314,11.6,शुद्धि-,शुद्धि,శుద్ధి చేయును,
315,11.7,नव-,नव,నూతనముగ జనించిన,
316,11.8,ज्वरे,ज्वर{पुं;7;एक},జ్వరములో,
317,12.1,कास-,कास,దగ్గు,
318,12.2,आम-,आम,ఆమము,
319,12.3,पीनस-,पीनस,జలుబు,
320,12.4,श्वास-,श्वास,ఆయాసము,
321,12.5,पार्श्व-,पार्श्व,పార్శ్వములో,
322,12.6,रुक्षु,रुच्{स्त्री;7;बहु},నొప్పి,
323,13.1,च,च{अव्य},మరియు,
324,14.1,शस्यते,शस्1{कर्मणि;लट्;प्र;एक;आत्मनेपदी;भ्वादिः},హరించును,
325,15.1,.,-,,
326,2.1,पाचनम्,पाचन{नपुं;1;एक},పాచనము,
327,3.1,कण्ठ्यम्,कण्ठ्य{नपुं;1;एक},కంఠ్యము(స్వరమునకు మంచిది),
328,4.1,लघु,लघु{नपुं;1;एक},,
329,5.1,उष्णम्,उष्ण{नपुं;1;एक},ఉష్ణ వీర్యము,
330,6.1,(अम्बु),अम्बु{नपुं;1;एक},"నీరు,జలం",
331,7.1,बस्ति-,बस्ति,వస్తి,
332,7.2,शोधनम्,शोधन{नपुं;1;एक(शुध्1;ल्युट्;दिवादिः)},శుద్ధి కరము,
333,8.1,(च),च{अव्य},మరియు,
334,9.1,(भवति),भू1{कर्तरि;लट्;प्र;बहु;परस्मैपदी;भ्वादिः},ఔతుంది,
335,1.1,अन्-,अन्,అన్,
336,1.2,अभिष्यन्दि,अभिष्यन्दिन्{नपुं;1;एक},అభిష్యంధి(శరీరములో క్లేదమును జనింపచేయును),
337,10.1,(भवति),भू1{कर्तरि;लट्;प्र;एक;परस्मैपदी;भ्वादिः},ఔతుంది,
338,11.1,व्युषितम्,वि-उषित{नपुं;1;एक(वि-वस्1;क्त)},పాచి నీరు,
339,12.1,तत्,तद्{सर्व;नपुं;1;एक},ఆ,
340,13.1,त्रि-,त्रि,మూడు,
341,13.2,दोष-,दोष,దోషములను,
342,13.3,कृत्,कृत्{नपुं;1;एक},"కలిగించును,చెరచును",
343,14.1,(भवति),भू1{कर्तरि;लट्;प्र;एक;परस्मैपदी;भ्वादिः},ఔతుంది,
344,15.1,.,-,,
345,2.1,लघु,लघु{नपुं;1;एक},"లఘు, తేలికగా జీర్ణమగు",
346,3.1,च,च{अव्य},మరియు,
347,4.1,तोयम्,तोय{नपुं;1;एक},"నీరు,జలం",
348,5.1,क्वथित-,क्वथित(क्वथ्1;क्त;भ्वादिः),"కాచి, వేడి చేసి",
349,5.2,शीतलम्,शीतल{नपुं;1;एक},చల్లార్చినది,
350,6.1,पित्त-,पित्त,పిత్తముతో,
351,6.2,युक्ते,युक्त{नपुं;7;एक(युज्1;क्त;दिवादिः)},కలిసిన,
352,7.1,हितम्,हित{नपुं;1;एक(धा1;क्त;जुहोत्यादिः)},హితకరము,
353,8.1,दोषे,दोष{पुं;7;एक},దోషములో,
354,9.1,(च),च{अव्य},మరియు,
355,1.1,नारिकेल-,नारिकेल,కొబ్బరి,
356,1.2,उदकम्,उदक{नपुं;1;एक},నీరు,
357,10.1,(च),च{अव्य},మరియు,
358,11.1,(भवति),भू1{कर्तरि;लट्;प्र;एक;परस्मैपदी;भ्वादिः},ఔతుంది,
359,12.1,.,-,,
360,2.1,स्निग्धम्,स्निग्ध{नपुं;1;एक(ष्निह्1;क्त;दिवादिः)}/,స్నిగ్థముగ,
361,3.1,स्वादु,स्वादु{नपुं;1;एक},తీయగా,
362,4.1,वृष्यम्,वृष्य{नपुं;1;एक(वृष्1;यत्;भ्वादिः)},"వృష్యము, శుక్ర వృద్ధికరము",
363,5.1,हिमम्,हिम{नपुं;1;एक},చలువ చేయును,
364,6.1,लघु,लघु{नपुं;1;एक},"లఘు, తేలికగా జీర్ణమగు",
365,7.1,तृष्णा-,तृष्णा,దాహము,
366,7.2,पित्त-,पित्त,పిత్తము,
367,7.3,अनिल-,अनिल,వాతమును,
368,7.4,हरम्,हर{नपुं;1;एक},హరించును,
369,8.1,दीपनम्,दीपन{नपुं;1;एक(दीप्1;ल्युट्;दिवादिः)},అగ్ని ని పెంచును,
370,9.1,बस्ति-,बस्ति,వస్తి/ మూత్ర,
371,9.2,शोधनम्,शोधन{नपुं;1;एक(शुध्1;ल्युट्;दिवादिः)},శోధనము,
372,1.1,वर्षासु,वर्षा{स्त्री;7;बहु},వర్షాకాలములో,
373,2.1,दिव्य-,दिव्य,ఆకాశ-(ఉదకము),
374,2.2,नादेये,नादेय{नपुं;1;द्वि},నదీ జలము,
375,3.1,परम्,परम्{अव्य},"అత్యంత, మిక్కిలి",
376,4.1,तोये,तोय{नपुं;1;द्वि},నీరు,
377,5.1,वर-,वर,"శ్రేష్ఠము, హితకరము",
378,5.2,अवरे,अवर{नपुं;1;द्वि},నిందితము,
379,6.1,(भवतः),भू1{कर्तरि;लट्;प्र;द्वि;परस्मैपदी;भ्वादिः},ఔతాయి,
380,7.1,.,-,,
381,1.1,स्वादु-,स्वादु,మధుర,
382,1.2,पाक-,पाक,విపాకము,
383,1.3,रसम्,रस{नपुं;1;एक},రసము(రుచి),
384,10.1,प्रायः,प्रायः{अव्य},సాధారణంగా,
385,11.1,पयः,पयस्{नपुं;1;एक},పాలు,
386,12.1,(च),च{अव्य},మరియు,
387,13.1,(भवति),भू1{कर्तरि;लट्;प्र;एक;परस्मैपदी;भ्वादिः},ఔతుంది,
388,14.1,.,-,,
389,2.1,स्निग्धम्,स्निग्ध{नपुं;1;एक(ष्निह्1;क्त;दिवादिः)},స్నిగ్థము,
390,3.1,ओजस्यम्,ओजस्य{नपुं;1;एक},ఓజో వర్ధకము,
391,4.1,धातु-,धातु,ధాతువులను,
392,4.2,वर्धनम्,वर्धन{नपुं;1;एक(वृध्1;ल्युट्;भ्वादिः)},పెంపొందించును,
393,5.1,वात-,वात(वा1;क्त;अदादिः),వాతమును,
394,5.2,पित्त-,पित्त,పిత్తమును,
395,5.3,हरम्,हर{नपुं;1;एक},హరించును,
396,6.1,वृष्यम्,वृष्य{नपुं;1;एक(वृष्1;यत्;भ्वादिः)},"వృష్యము, శుక్ర వృద్ధికరము",
397,7.1,श्लेष्मलम्,श्लेष्मल{नपुं;1;एक},కఫమును పెంచును,
398,8.1,गुरु,गुरु{नपुं;1;एक},"గురు, చిరకాలమునకు జీర్ణమగునది",
399,9.1,शीतलम्,शीतल{नपुं;1;एक},"చల్లనిది,చలువ చేయును",
400,1.1,अत्र,अत्र{अव्य},ఇక్కడ,
401,10.1,सरम्,सर{नपुं;1;एक},సర గుణము,
402,11.1,(च),च{अव्य},మరియు,
403,12.1,(भवति),भू1{कर्तरि;लट्;प्र;एक;परस्मैपदी;भ्वादिः},ఔతుంది,
404,13.1,.,-,,
405,2.1,गव्यम्,गव्य{नपुं;1;एक},ఆవు పాలు,
406,3.1,तु,तु{अव्य},,
407,4.1,जीवनीयम्,जीवनीय{नपुं;1;एक(जीव्1;अनीयर्;भ्वादिः)},జీవనీయము,
408,5.1,रसायनम्,रसायन{नपुं;1;एक},రసాయనము,
409,6.1,क्षत-,क्षत,క్షత,
410,6.2,क्षीण-,क्षीण(क्षि1;क्त;भ्वादिः),క్షీణ రోగములో,
411,6.3,हितम्,हित{नपुं;1;एक(धा1;क्त;जुहोत्यादिः)},మంచిది,
412,7.1,मेध्यम्,मेध्य{नपुं;1;एक},"మేధ్యము, మేధస్సును పెంచునది",
413,8.1,बल्यम्,बल्य{नपुं;1;एक},బల వర్థకము,
414,9.1,स्तन्य-,स्तन्य,స్తన్యము(చనుపాలు)ను,
415,9.2,करम्,कर{नपुं;1;एक},పెంపొందించును,
416,1.1,(तेन),तद्{सर्व;पुं;3;एक},వానితో,
417,2.1,श्रम-,श्रम,అలసట,
418,2.1,क्षुधः,क्षुध्{स्त्री;2;बहु},ఆకలి,
419,2.2,भ्रम-,भ्रम(भ्रम्1;घञ्;भ्वादिः),భ్రమ/కళ్ళు తిరగడం,
420,2.3,मद-,मद,మదాత్యయము,
421,2.4,अ-,-अ,అ-,
422,2.5,लक्ष्मी-,लक्ष्मी,లక్ష్మీ,
423,2.6,श्वास-,श्वास,ఆయాసము,
424,2.7,कास-,कास,దగ్గు,
425,2.8,अति-,-अति,అతిగా,
426,2.9,तृट्-,-तृट्,దాహము,
427,3.1,जीर्ण-,जीर्ण,జీర్ణ(చాలా రోజుల నుండి ఉన్న),
428,3.2,ज्वरम्,ज्वर{पुं;2;एक},జ్వరమును,
429,4.1,मूत्र-,मूत्र,మూత్ర-,
430,4.2,कृच्छ्रम्,कृच्छ्र{पुं;2;एक},"కృఛ్రము(కష్టముతో, నొప్పి తో మూత్రము వెడలుట)",
431,5.1,रक्त-,रक्त,రక్త-,
432,5.2,पित्तम्,पित्त{नपुं;2;एक},పిత్తము,
433,6.1,च,च{अव्य},మరియు,
434,7.1,नाशयेत्,णश्1{णिच्;कर्तरि;विधिलिङ्;प्र;एक;परस्मैपदी;दिवादिः},నాశనము చేయును,
435,8.1,.,-,,
436,1.1,हितम्,हित{नपुं;1;एक(धा1;क्त;जुहोत्यादिः)},హితకరము,
437,2.1,अति-,अति,అతి-,
438,2.2,अग्नि-,अग्नि,అగ్ని,
439,2.3,अ-,अ,అ,
440,2.4,निद्रेभ्यः,निद्र{पुं;4;बहु},నిద్ర,
441,3.1,गरीयः,गरीयस्{नपुं;1;एक},గురు గుణము కలది,
442,4.1,माहिषम्,माहिष{नपुं;1;एक},బర్రె,
443,5.1,(क्षीरम्),क्षीर{नपुं;1;एक},పాలు,
444,6.1,हिमम्,हिम{नपुं;1;एक},"శీత వీర్యము,",
445,7.1,(च),च{अव्य},మరియు,
446,8.1,(भवति),भू1{कर्तरि;लट्;प्र;एक;परस्मैपदी;भ्वादिः},ఔతుంది,
447,9.1,.,-,,
448,1.1,अल्प-,अल्प,కొంచెము,
449,1.2,अम्बु-,अम्बु,నీరు,
450,1.3,पान-,पान(पा1;ल्युट्;भ्वादिः),తాగటం,
451,1.4,व्यायाम-,व्यायाम,వ్యాయామము,
452,1.5,कटु-,कटु,కారం,
453,1.6,तिक्त-,तिक्त,చేదు రసముల,
454,1.7,अशनैः,अशन{नपुं;3;बहु(अश्1;ल्युट्;स्वादिः)},తినుటచే,
455,2.1,लघु,लघु{नपुं;1;एक},లఘువు,
456,3.1,आजम्,आज{नपुं;1;एक},మేక ,
457,4.1,(क्षीरम्),क्षीर{नपुं;1;एक},పాలు,
458,5.1,शोष-,शोष,శోష,
459,5.2,ज्वर-,ज्वर,జ్వరము,
460,5.3,श्वास-,श्वास,"శ్వాస, ఆయాసము",
461,5.4,रक्तपित्त-,रक्तपित्त,రక్తపిత్త,
462,5.5,अतिसार-,अतिसार,అతిసారమును,
463,5.6,जित्,जित्{नपुं;1;एक},జయించును,
464,6.1,(च),च{अव्य},మరియు,
465,7.1,(भवति),भू1{कर्तरि;लट्;प्र;एक;परस्मैपदी;भ्वादिः},ఔతుంది,
466,8.1,.,-,,
467,1.1,ईषत्-,ईषत्,కొంచెము,
468,1.2,रूक्ष-,रूक्ष,రూక్షముగ,
469,1.3,उष्ण-,उष्ण,వేడి గ,
470,1.4,लवणम्,लवण{नपुं;1;एक},ఉప్పగ,
471,10.1,.,-,,
472,2.1,औष्ट्रकम्,औष्ट्रक{नपुं;1;एक},ఒంటె,
473,3.1,(क्षीरम्),क्षीर{नपुं;1;एक},పాలు,
474,4.1,दीपनम्,दीपन{नपुं;1;एक(दीप्1;ल्युट्;दिवादिः)},అగ్ని ని పెంచును,
475,5.1,लघु,लघु{नपुं;1;एक},లఘువు,
476,6.1,शस्तम्,शस्त{नपुं;1;एक(शस्1;क्त;भ्वादिः)},"మంచిది,హితకరము",
477,7.1,वात-,वात(वा1;क्त;अदादिः),వాత,
478,7.2,कफ-,कफ,కఫ రోగములు,
479,7.3,आनाह-,आनाह,ఆనాహము,
480,7.4,कृमि-,कृमि,కృమి రోగము,
481,7.5,शोफ-,शोफ,"శోఫ, వాపు",
482,7.6,उदर-,उदर,ఉదర,
483,7.7,अर्शसाम्,अर्शस्{नपुं;6;बहु},అర్శస్సు లలో/మొలల లో,
484,8.1,(च),च(अव्य),మరియు,
485,9.1,(भवति),भू1{कर्तरि;लट्;प्र;एक;परस्मैपदी;भ्वादिः},ఔతుంది,
486,1.1,मानुषम्,मानुष{नपुं;1;एक},మనిషి పాలు(చనుపాలు),
487,2.1,(क्षीरम्),क्षीर{नपुं;1;एक},పాలు,
488,3.1,वात-,वात(वा1;क्त;अदादिः),వాతము,
489,3.2,पित्त-,पित्त,పిత్తము,
490,3.3,असृक्-,असृज्,రక్తము,
491,3.4,अभिघात-,अभिघात,అభిఘాతము/ దెబ్బ,
492,3.5,अक्षि-,अक्षि,కంటి,
493,3.6,रोग-,रोग,రోగములు,
494,3.7,जित्,जित्{नपुं;1;एक},జయించును,
495,4.1,तर्पण-,तर्पण,అక్షి తర్పణము,
496,4.2,आश्चोतनैः,आश्चोतन{नपुं;3;बहु},ఆశ్చోతనము,
497,5.1,नस्यैः,नस्य{पुं;3;बहु},నస్యములచే,
498,6.1,(च),च(अव्य),మరియు,
499,7.1,(भवति),भू1{कर्तरि;लट्;प्र;एक;परस्मैपदी;भ्वादिः},ఔతుంది,
500,8.1,.,-,,
501,1.1,अ-,अ,అ,
502,1.2,हृद्यम्,हृद्य{नपुं;1;एक},హృద్యము,
503,10.1,.,-,,
504,2.1,तु,तु{अव्य},,
505,3.1,उष्णम्,उष्ण{नपुं;1;एक},ఉష్ణ వీర్యము,
506,4.1,आविकम्,आविक{नपुं;1;एक},గొఱ్ఱె,
507,5.1,(क्षीरम्),क्षीर{नपुं;1;एक},పాలు,
508,6.1,वात-,वात(वा1;क्त;अदादिः),వాత,
509,6.2,व्याधि-,व्याधि,రోగమును,
510,6.3,हरम्,हर{नपुं;1;एक},హరించును,
511,7.1,हिध्मा-,हिध्मा,ఎక్కిళ్ళు,
512,7.2,श्वास-,श्वास,ఆయాసము,
513,7.3,पित्त-,पित्त,పిత్తము,
514,7.4,कफ-,कफ,కఫమును ,
515,7.5,प्रदम्,प्रद{नपुं;1;एक},కలిగించును,
516,8.1,(च),च{अव्य},మరియు,
517,9.1,(भवति),भू1{कर्तरि;लट्;प्र;एक;परस्मैपदी;भ्वादिः},ఔతుంది,
518,1.1,हस्तिन्याः,हस्तिनी{स्त्री;6;एक},ఏనుగు,
519,2.1,(क्षीरम्),क्षीर{नपुं;1;एक},మరియు,
520,3.1,स्थैर्य-,स्थैर्य,స్థైర్యమును,
521,3.2,कृत्,कृत्{नपुं;1;एक},కలిగించును,
522,4.1,(भवति),भू1{कर्तरि;लट्;प्र;एक;परस्मैपदी;भ्वादिः},ఔతుంది,
523,5.1,.,-,,
524,1.1,बाढम्,बाढ{नपुं;1;एक},అత్యంత ఉష్ణము,
525,10.1,(च),च{अव्य},మరియు,
526,11.1,(भवति),भू1{कर्तरि;लट्;प्र;एक;परस्मैपदी;भ्वादिः},ఔతుంది,
527,12.1,.,-,,
528,2.1,उष्णम्,उष्ण{नपुं;1;एक},ఉష్ణ వీర్యము,
529,3.1,तु,तु{अव्य},,
530,4.1,एक-,एक,ఒక,
531,4.2,शफम्,शफ{नपुं;1;एक},డెక్క గల జంతువులు(గుఱ్ఱము మొ),
532,5.1,(क्षीरम्),क्षीर{नपुं;1;एक},పాలు,
533,6.1,लघु,लघु{नपुं;1;एक},లఘువు,
534,7.1,शाखा-,शाखा,"చేతులు,కాళ్ళలో ",
535,7.2,वात-,वात(वा1;क्त;अदादिः),వాత రోగములు,
536,7.3,हरम्,हर{नपुं;1;एक},హరించును,
537,8.1,स-,स,,
538,8.2,अम्ल-,अम्ल,పులుపు,
539,8.3,लवणम्,लवण{नपुं;1;एक},ఉప్పగ,
540,9.1,जडता-,जड{तल्},"జడత్వము(పట్టెయ్యడము, స్పర్శ హీనత్వము)",
541,9.2,करम्,कर{नपुं;1;एक},కలిగించును,
542,1.1,पयः,पयस्{नपुं;1;एक},పాలు,
543,10.1,अतः,अतः{अव्य},,
544,11.1,अन्यथा,अन्यथा{अव्य},లేదా(కాచిన పాలు),
545,12.1,(भवति),भू1{कर्तरि;लट्;प्र;एक;परस्मैपदी;भ्वादिः},ఔతుంది,
546,13.1,.,-,,
547,2.1,अभिष्यन्दि,अभिष्यन्दिन्{नपुं;1;एक},అభిష్యంధి(శరీరములో క్లేదమును జనింపచేయును)(శరీరములో క్లేదమును జనింపచేయును),
548,3.1,गुरु,गुरु{नपुं;1;एक},"గురు, చిరకాలమునకు జీర్ణమగునది",
549,4.1,आमम्,आम{नपुं;1;एक},పచ్చి(కాచని) పాలు,
550,5.1,(च),च(अव्य),మరియు,
551,6.1,(भवति),भू1{कर्तरि;लट्;प्र;एक;परस्मैपदी;भ्वादिः},ఔతుంది,
552,7.1,युक्त्या,युक्ति{स्त्री;3;एक},ఉపాయముగా,
553,8.1,शृतम्,शृत{नपुं;1;एक(श्रा;क्त;भ्वादिः)},కాచిన,
554,9.1,(पयः),पयस्{नपुं;1;एक},పాలు,
555,1.1,भवेत्,भू1{कर्तरि;विधिलिङ्;प्र;एक;परस्मैपदी;भ्वादिः},అగును,
556,2.1,गरीयः,गरीयस्{नपुं;1;एक},మిక్కిలి గురువు,
557,3.1,अति-,अति,అతిగా,
558,3.2,शृतम्,शृत{नपुं;1;एक},కాచిన,
559,4.1,(क्षीरम्),क्षीर{नपुं;1;एक},పాలు ,
560,5.1,धारा-,धारा,ధారా,
561,5.2,उष्णम्,उष्ण{नपुं;1;एक},ఉష్ణము,
562,6.1,(क्षीरम्),क्षीर{नपुं;1;एक},పాలు,
563,7.1,अमृत-,अमृत,అమృతముతో,
564,7.2,उपमम्,उपम{नपुं;1;एक},సమానము,
565,8.1,(भवेत्),भू1{कर्तरि;विधिलिङ्;प्र;एक;परस्मैपदी;भ्वादिः},,
566,9.1,.,-,,
567,1.1,अम्ल-,अम्ल,"పులుపు,అమ్ల",
568,1.2,पाक-,पाक,విపాకము,
569,1.3,रसम्,रस{नपुं;1;एक},రసము(రుచి),
570,10.1,शस्तम्,शस्त{नपुं;1;एक(शस्1;क्त;भ्वादिः)},"మంచిది,హితకరము",
571,11.1,अ-,अ,అ,
572,11.2,रुचौ,रुचि{स्त्री;7;एक},రుచిలో,
573,12.1,शीतके,शीतक{पुं;7;एक},"శీత జ్వరములో,",
574,13.1,विषम-,विषम,విషము,
575,13.2,ज्वरे,ज्वर{पुं;7;एक},జ్వరములో,
576,14.1,पीनसे,पीनस{पुं;7;एक},జలుబులో,
577,15.1,मूत्र-,मूत्र,మూత్ర,
578,15.2,कृच्छ्रे,कृच्छ्र{नपुं;7;एक},"కృఛ్రము(కష్టముతో, నొప్పి తో మూత్రము వెడలుట)",
579,16.1,च,च{अव्य},మరియు,
580,17.1,रूक्षम्,रूक्ष{नपुं;1;एक},రూక్షముగ నుండునది(స్నేహాంశము లేనిది),
581,18.1,तु,तु{अव्य},,
582,19.1,ग्रहणी-,ग्रहणी,గ్రహణీ రోగము,
583,19.2,गदे,गद{पुं;7;एक},రోగములో,
584,2.1,ग्राहि,ग्राहिन्{नपुं;1;एक},గ్రాహి(మల స్థంభనము చేయును),
585,20.1,(च),च(अव्य),మరియు,
586,21.1,(भवति),भू1{कर्तरि;लट्;प्र;एक;परस्मैपदी;भ्वादिः},ఔతుంది,
587,22.1,|,-,,
588,3.1,गुरु,गुरु{नपुं;1;एक},"గురు, చిరకాలమునకు జీర్ణమగునది",
589,4.1,उष्णम्,उष्ण{नपुं;1;एक},ఉష్ణ వీర్యము,
590,5.1,दधि,दधि{नपुं;1;एक},పెరుగు,
591,6.1,वात-,वात(वा1;क्त;अदादिः),వాతమును,
592,6.2,जित्,जित{नपुं;1;एक},జయించును,
593,7.1,मेदः-,मेदस्,మేదస్సు,
594,7.2,शुक्र-,शुक्र,శుక్రము,
595,7.3,बल-,बल,బలము,
596,7.4,श्लेष्म-,श्लेष्मन्,"శ్లేష్మము,కఫము",
597,7.5,पित्त-,पित्त,పిత్త-,
598,7.6,रक्त-,रक्त,రక్తము,
599,7.7,अग्नि-,अग्नि,అగ్ని,
600,7.8,शोफ-,शोफ,"శోఫ, వాపు",
601,7.9,कृत्,कृत्{नपुं;1;एक},కలిగించును,
602,8.1,रोचिष्णु,रोचिष्णु{नपुं;1;एक},రుచిని పుట్టించును,
603,1.1,न,न{अव्य},,
604,10.1,न,न{अव्य},,
605,11.1,न,न{अव्य},,
606,12.1,अ-,अ,అ/ కలపకుండా,
607,12.2,मुद्ग-,मुद्ग,పెసల,
608,12.3,सूपम्,सूप{नपुं;2;एक},సూపముతో,
609,13.1,न,न{अव्य},కాకుండా,
610,14.1,अ-,अ,అ/ కలపకుండా,
611,14.2,क्षौद्रम्,क्षौद्र{नपुं;2;एक},తేనెను,
612,15.1,तत्,तद्{सर्व;नपुं;2;एक},ఆ,
613,16.1,न,न{अव्य},,
614,17.1,अ-,अ,అ/ కలపకుండా,
615,17.2,घृत-,घृत,నెయ్యి,
616,17.3,सितोपलम्,सितोपल{नपुं;2;एक},కండ శర్కర,
617,18.1,न,न{अव्य},,
618,19.1,च,च{अव्य},మరియు,
619,2.1,एव,एव{अव्य},కాబట్టి,
620,20.1,अन्-,अन्,అన్ / కలపకుండా,
621,20.2,आमलकम्,आमलक{नपुं;2;एक},ఉసిరి కాయని,
622,21.1,(दधि),दधि{नपुं;2;एक},పెరుగును,
623,22.1,(अद्यात्),अद्2{कर्तरि;आशीर्लिङ्;प्र;एक;परस्मैपदी;अदादिः},తినుము,
624,23.1,न,न{अव्य},,
625,24.1,अपि,अपि{अव्य},కూడా,
626,25.1,नित्यम्,नित्यम्{अव्य},ప్రతి రోజూ,
627,26.1,नः,न{अव्य},,
628,27.1,मन्दम्,-,మందక దధి(సరిగా తోడుకొనని పెరుగు),
629,28.1,(अद्यात्),अद्2{कर्तरि;आशीर्लिङ्;प्र;एक;परस्मैपदी;अदादिः},తిను,
630,29.1,अन्यथा,अन्यथा{अव्य},వ్యతిరేక లక్షణములు కలుగుట వలన,
631,3.1,अद्यात्,अद्2{कर्तरि;आशीर्लिङ्;प्र;एक;परस्मैपदी;अदादिः},తిను,
632,30.1,(दधि),दधि{नपुं;1;एक},పెరుగు,
633,31.1,ज्वर-,ज्वर,జ్వరము,
634,31.2,असृक्-,असृक्,రక్త,
635,31.3,पित्त-,पित्त,పిత్తము,
636,31.4,वीसर्प-,वीसर्प,విసర్పము,
637,31.5,कुष्ठ-,कुष्ठ,"కుష్ఠము,చర్మ రోగము",
638,31.6,पाण्डु-,पाण्डु,పాండు రోగము,
639,31.7,भ्रम-,भ्रम,భ్రమ/కళ్ళు తిరగడం,
640,31.8,प्रदम्,प्रद{नपुं;1;एक},కలిగించును,
641,32.1,(भवति),भू1{कर्तरि;लट्;प्र;एक;परस्मैपदी;भ्वादिः},ఔతుంది,
642,33.1,-,-,,
643,4.1,निशि,निश्{स्त्री;7;एक},రాత్రి వేళలో,
644,5.1,न,न{अव्य},,
645,6.1,एव,एव{अव्य},కాబట్టి,
646,7.1,उष्णम्,उष्ण{नपुं;2;एक},వేడి చేసిన,
647,8.1,वसन्त-,वसन्त,వసంత,
648,8.2,उष्ण-,उष्ण,ఉష్ణ ఋతువు(గ్రీష్మము),
649,8.3,शरत्सु,शरद्{स्त्री;7;बहु},శరదృతువులో,
650,9.1,(च),च(अव्य),మరియు,
651,1.1,तक्रम्,तक्र{नपुं;1;एक},మజ్జిగ,
652,2.1,लघु,लघु{नपुं;1;एक},లఘువు,
653,3.1,कषाय-,कषाय,కషాయ,
654,3.2,अम्लम्,अम्ल{नपुं;1;एक},పులుపు,
655,4.1,दीपनम्,दीपन{नपुं;1;एक(दीप्1;ल्युट्;दिवादिः)},అగ్ని ని పెంచును,
656,5.1,कफ-,कफ,కఫము,
657,5.2,वात-,वात(वा1;क्त;अदादिः),వాతమును,
658,5.3,जित्,जित्{नपुं;1;एक},జయించును,
659,6.1,(च),च{अव्य},మరియు,
660,7.1,(भवति),भू1{कर्तरि;लट्;प्र;एक;परस्मैपदी;भ्वादिः},ఔతుంది,
661,8.1,.,-,,
662,1.1,शोफ-,शोफ,"శోఫ, వాపు",
663,1.2,उदर-,उदर,ఉదర వ్యాధులు,
664,1.3,अर्श-,अर्श,"అర్శస్సు,మొలలు",
665,1.4,ग्रहणी-,ग्रहणी,గ్రహణీ ,
666,1.5,दोष-,दोष,దోషము ,
667,1.6,मूत्र-,मूत्र,మూత్ర,
668,1.7,ग्रह-,ग्रह,గ్రహము/కృఛ్రము,
669,1.8,अ-,अ,అ,
670,1.9,रुचीः,रुचि{स्त्री;2;बहु},రుచి,
671,2.1,प्लीह-,प्लीहन्,ప్లీహ రోగాలు,
672,2.2,गुल्म-,गुल्म,గుల్మ రోగము,
673,2.3,घृत-,घृत,ఘృత( అధిక ఘృత పానముచే కలుగు),
674,2.4,व्यापत्-,-व्यापत्,వ్యాపత్తులు,
675,2.5,गर-,गर,గర(కృతృిమ) విషము,
676,2.6,पाण्डु-,पाण्डु,పాండు ,
677,2.7,आमयान्,आमय{पुं;2;बहु},రోగములను,
678,3.1,(च),च{अव्य},మరియు,
679,4.1,जयेत्,जि1{कर्तरि;विधिलिङ्;प्र;एक;परस्मैपदी;भ्वादिः},జయించును,
680,5.1,.,-,,
681,1.1,तद्वत्,तद्{अव्य;वत्},అదే విధముగా(తక్రము వలెనే),
682,10.1,(भवति),भू1{कर्तरि;लट्;प्र;एक;परस्मैपदी;भ्वादिः},ఔతుంది,
683,11.1,.,-,,
684,2.1,मस्तु,मस्तु{नपुं;1;एक},పెరుగు మీది తేట,
685,3.1,(भवति),भू1{कर्तरि;लट्;प्र;एक;परस्मैपदी;भ्वादिः},ఔతుంది,
686,4.1,(मस्तु),मस्तु{नपुं;1;एक},పెరుగు మీది తేట,
687,5.1,सरम्,सर{नपुं;1;एक},సరము,
688,6.1,स्रोतः-,स्रोतस्,స్రోతో,
689,6.2,शोधि,शोधिन्{नपुं;1;एक},శోధనము,
690,7.1,विष्ठम्भ-,विष्ठम्भ,విష్టంభనము,
691,7.2,जित्,जित्{नपुं;1;एक},జయించును(వాతానులోమనము కలిగించును),
692,8.1,लघु,लघु{नपुं;1;एक},లఘువు,
693,9.1,(च),च{अव्य},మరియు,
694,1.1,नवनीतम्,नवनीत{नपुं;1;एक},వెన్న,
695,10.1,.,-,,
696,2.1,नवम्,नव{नपुं;1;एक},అప్పుడే చేసిన,
697,3.1,वृष्यम्,वृष्य{नपुं;1;एक(वृष्1;यत्;भ्वादिः)},"వృష్యము, శుక్ర వృద్ధికరము",
698,4.1,शीतम्,शीत{नपुं;1;एक},"శీత వీర్యము,",
699,5.1,वर्ण-,वर्ण,వర్ణము(మేని ఛాయ),
700,5.2,बल-,बल,బలము,
701,5.3,अग्नि-,अग्नि,అగ్ని,
702,5.4,कृत्,कृत्{नपुं;1;एक},కృతము,
703,6.1,सङ्ग्राहि,सङ्ग्राहिन्{नपुं;1;एक},మలమును గట్టి పరుచును,
704,7.1,वात-,वात(वा1;क्त;अदादिः),వాత,
705,7.2,पित्त-,पित्त,పిత్త,
706,7.3,असृक्-,असृज्,రక్త,
707,7.4,क्षय-,क्षय,క్షయ,
708,7.5,अर्श-,अर्श,"అర్శస్సు,మొలలు",
709,7.6,अर्दित-,अर्दित,అర్దిత వాతము,
710,7.7,कास-,कास,దగ్గును,
711,7.8,जित्,जित्{नपुं;1;एक},జయించును,
712,8.1,(च),च{अव्य},మరియు,
713,9.1,(भवति),भू1{कर्तरि;लट्;प्र;एक;परस्मैपदी;भ्वादिः},ఔతుంది,
714,1.1,क्षीर-,क्षीर,పాల నుండి,
715,1.2,उद्भवम्,उद्भव{नपुं;1;एक},తీసిన,
716,2.1,(नवनीतम्),नवनीत{नपुं;1;एक},వెన్న,
717,3.1,तु,तु{अव्य},,
718,4.1,सङ्ग्राहि,सङ्ग्राहिन्{नपुं;1;एक},మలమును గట్టి పరుచును,
719,5.1,रक्त-,रक्त,రక్త,
720,5.2,पित्त-,पित्त,పిత్త,
721,5.3,अक्षि-,अक्षि,కంటి,
722,5.4,रोग-,रोग,రోగములను,
723,5.5,जित्,जित्{नपुं;1;एक},జయించును,
724,6.1,(च),च{अव्य},మరియు,
725,7.1,(भवति),भू1{कर्तरि;लट्;प्र;एक;परस्मैपदी;भ्वादिः},ఔతుంది,
726,8.1,.,-,,
727,1.1,(घृतम्),घृत{नपुं;1;एक},ఘృతము,
728,10.1,स्नेहानाम्,स्नेह{नपुं;6;बहु},స్నేహనమునకు,
729,11.1,उत्तमम्,उत्तम{नपुं;1;एक},ఉత్తమము,
730,12.1,शीतम्,शीत{नपुं;1;एक},శీత వీర్యము,
731,13.1,वयसः,वयस्{नपुं;6;एक},వయః,
732,14.1,स्थापनम्,स्थापन{नपुं;1;एक},స్థాపనము,
733,15.1,परम्,परम्{अव्य},శ్రేష్ఠము,
734,16.1,(च),च{अव्य},మరియు,
735,17.1,(भवति),भू1{कर्तरि;लट्;प्र;एक;परस्मैपदी;भ्वादिः},ఔతుంది,
736,18.1,.,-,,
737,2.1,शस्तम्,शस्त{नपुं;1;एक(शस्1;क्त;भ्वादिः)},"మంచిది,హితకరము",
738,3.1,धी-,धी,"ధీ,బుద్ధి,గ్రహణ శక్తి",
739,3.2,स्मृति-,स्मृति,"స్మృతి, ధారణా శక్తి",
740,3.3,मेधा-,मेधा,మేధా,
741,3.4,अग्नि-,अग्नि,అగ్ని,
742,3.5,बल-,बल,బలము,
743,3.6,आयुः-,आयुस्,ఆయుష్షు,
744,3.7,शुक्र-,शुक्र,శుక్రము,
745,3.8,चक्षुषाम्,चक्षुस्{नपुं;6;बहु},కళ్ళు ,
746,4.1,बाल-,बाल,పిల్లలు,
747,4.2,वृद्ध-,वृद्ध,వృద్ధులు,
748,4.3,प्रजा-,प्रजा,సంతతి,
749,4.4,कान्ति-,कान्ति,శరీర కాంతి,
750,4.5,सौकुमार्य-,सौकुमार्य,సుకుమారత్వము,
751,4.6,स्वर-,स्वर,మంచి కంఠ స్వరము,
752,4.7,अर्थिनाम्,अर्थिन्{पुं;6;बहु},"అర్థించు, కోరుకొను వారికి",
753,5.1,क्षत-,क्षत,క్షత-,
754,5.2,क्षीण-,क्षीण(क्षि1;क्त;भ्वादिः),క్షీణము,
755,5.3,परीसर्प-,परीसर्प,విసర్పము,
756,5.4,शस्त्र-,शस्त्र,శస్త్రము,
757,5.5,अग्नि-,अग्नि,అగ్నిచే,
758,5.6,ग्लपित-,ग्लपित,పీడిత,
759,5.7,आत्मनाम्,आत्मन्{पुं;6;बहु},శరీరునికి,
760,6.1,(च),च{अव्य},మరియు,
761,7.1,(भवति),भू1{कर्तरि;लट्;प्र;एक;परस्मैपदी;भ्वादिः},ఔతుంది,
762,8.1,(तत्),तत्{सर्व;नपुं;1;एक},దాని,
763,9.1,वात-,वात(वा1;क्त;अदादिः),వాత,
764,9.2,पित्त-,पित्त,పిత్త,
765,9.3,विष-,विष,విష,
766,9.4,उन्माद-,उन्माद(उत्_मद्2;घञ्;दिवादिः),ఉన్మాద,
767,9.5,शोष-,शोष,శోష(రాజ యక్ష్మ),
768,9.6,अ-,अ,అ,
769,9.7,लक्ष्मी-,लक्ष्मी,లక్ష్మీ,
770,9.8,ज्वर-,ज्वर,జీర్ణ జ్వరము,
771,9.9,अपहम्,अपह{नपुं;1;एक},నశింపజేయునది,
772,1.1,सहस्र-,सहस्र,"వెయ్యి, అనేక విధముల",
773,1.2,वीर्यम्,वीर्य{नपुं;1;एक},శక్తియుక్తం,
774,2.1,(भूत्वा),अस्2{अव्य;क्त्वा;अदादिः},,
775,3.1,विधिभिः,विधि{पुं;3;बहु},ప్రయోగ విధులు,
776,4.1,(संस्कृतम्),संस्कृत{नपुं;1;एक},సంస్కరించబడినది,
777,5.1,घृतम्,घृत{नपुं;1;एक},"నెయ్యి, ఘృతము",
778,6.1,कर्म-,कर्मन्,"కర్మ, కార్యము",
779,6.2,सहस्र-,सहस्र,"వెయ్యి, అనేక విధముల",
780,6.3,कृत्,कृत्{नपुं;1;एक},"కృతము,చేయును",
781,7.1,(भवति),भू1{कर्तरि;लट्;प्र;एक;परस्मैपदी;भ्वादिः},ఔతుంది,
782,8.1,.,-,,
783,1.1,मद-,मद,మద,
784,1.2,अपस्मार-,अपस्मार,అపస్మార,
785,1.3,मूर्छाय-,-मूर्छाय,మూర్ఛ,
786,1.4,शिरः-,शिरस्,శిర,
787,1.5,कर्ण-,कर्ण,"కర్ణ,చెవి",
788,1.6,अक्षि-,अक्षि,"అక్షి,కన్ను",
789,1.7,योनि-,योनि,యోనిలలో,
790,1.8,जान्,ज{पुं;2;बहु},జనించిన,
791,2.1,पुराणम्,पुराण{नपुं;1;एक},పాత(పది సంవత్సరముల కిందటిది),
792,3.1,(घृतम्),घृत{नपुं;1;एक},నెయ్యి,
793,4.1,जयति,जि1{कर्तरि;लट्;प्र;एक;परस्मैपदी;भ्वादिः},జయించును,
794,5.1,व्याधीन्,व्याधि{पुं;2;बहु},వ్యాధులను,
795,6.1,.,-,,
796,1.1,(तत्),तद्{सर्व;नपुं;1;एक},దాని,
797,2.1,व्रण-,व्रण,వ్రణము(పుండు),
798,2.2,शोधन-,शोधन(शुध्1;ल्युट्;दिवादिः),శోధనము,
799,2.3,रोपणम्,रोपण{नपुं;1;एक},రోపణము,
800,3.1,(भवति),भू1{कर्तरि;लट्;प्र;एक;परस्मैपदी;भ्वादिः},ఔతుంది,
801,4.1,.,-,,
802,1.1,बल्याः,बल्य{पुं;1;बहु},బలమునిచ్చును,
803,2.1,किलाट-,किलाट,కిలాటము(కూర్చిక ఘన భాగం),
804,2.2,पीयूष-,पीयूष,అపుడే ఈనిన ఆవు పాలతో చేసినది,
805,2.3,कूर्चिका-,कूर्चिका,"కూర్చికా(పెరుగు,మజ్జిగ చేర్చి కాచిన పాలు)",
806,2.4,मोरण-,-मोरण,మోరణ(కూర్చిక ద్రవ భాగం),
807,2.5,आदयः,आदि{पुं;1;बहु},మొదలగునవి,
808,3.1,शुक्र-,शुक्र,శుక్రము,
809,3.2,निद्रा-,निद्रा,నిద్ర,
810,3.3,कफ-,कफ,కఫము,
811,3.4,कराः,कर{पुं;1;बहु},"కరము, కారకము",
812,4.1,विष्टम्भि-,विष्टम्भि,విష్టంభి(మలబంధము కలిగించును),
813,4.2,गुरु-,गुरु,గురు,
814,4.3,दोषलाः,दोषल{पुं;1;बहु},దోషకారి,
815,5.1,(च),च{अव्य},మరియు,
816,6.1,(भवन्ति),भू1{कर्तरि;लट्;प्र;बहु;परस्मैपदी;भ्वादिः},ఔతాయి,
817,7.1,.,-,,
818,1.1,गव्ये,गव्य{नपुं;1;द्वि},ఆవు,
819,2.1,क्षीर-,क्षीर,పాలు,
820,2.2,घृते,घृत{नपुं;1;द्वि},నెయ్యిలు,
821,3.1,श्रेष्ठे,श्रेष्ठ{नपुं;1;द्वि},శ్రేష్ఠము,
822,4.1,(भवतः),भू1{कर्तरि;लट्;प्र;द्वि;परस्मैपदी;भ्वादिः},ఔతాయి,
823,5.1,निन्दिते,निन्दित{नपुं;1;द्वि(णिद्1;क्त;भ्वादिः)},నిందితము,
824,6.1,च,च{अव्य},మరియు,
825,7.1,अवि-,अवि,,
826,7.2,सम्भवे,सम्भव{नपुं;1;द्वि},పాలనుండి వచ్చినవి,
827,8.1,(भवतः),भू1{कर्तरि;लट्;प्र;द्वि;परस्मैपदी;भ्वादिः},ఔతాయి,
828,9.1,.,-,,
829,1.1,इक्षोः,इक्षु{पुं;6;एक},చెరుకు యొక్క,
830,10.1,स्वादु-,स्वादु,మధుర,
831,10.2,पाक-,पाक,విపాకము,
832,10.3,रसः,रस{पुं;1;एक},రసము(రుచి),
833,11.1,रसः,रस{पुं;1;एक},రసము(రుచి),
834,12.1,(च),च{अव्य},మరియు,
835,13.1,(भवति),भू1{कर्तरि;लट्;प्र;एक;परस्मैपदी;भ्वादिः},ఔతుంది,
836,14.1,.,-,,
837,2.1,सरः,सरस्{पुं;1;एक},సర గుణము,
838,3.1,गुरुः,गुरु{पुं;1;एक},గురు గుణము ,
839,4.1,स्निग्धः,स्निग्ध{पुं;1;एक},స్నిగ్థము,
840,5.1,बृंहणः,बृंहण{पुं;1;एक},బృంహణము,
841,6.1,कफ-,कफ,కఫము,
842,6.2,मूत्र-,मूत्र,మూత్రము,
843,6.3,कृत्,कृत्{पुं;1;एक},వృద్ధి చేయును,
844,7.1,वृष्यः,वृष्य{पुं;1;एक(वृष्1;ण्यत्;भ्वादिः)},"వృష్యము, శుక్ర వృద్ధికరము",
845,8.1,शीतः,शीत{पुं;1;एक},శీత వీర్యము,
846,9.1,अस्र-,अस्र,రక్త,
847,9.2,पित्त-,पित्त,పిత్తమును,
848,9.3,घ्नः,घ्न{पुं;1;एक},హరించును,
849,1.1,सः,तद्{सर्वनाम;पुं;1;एक},దాని(చెఱుకు),
850,2.1,अग्रे,अग्र{नपुं;7;एक},అగ్ర భాగము(కొస),
851,3.1,स-,स,,
852,3.2,लवणः,लवण{पुं;1;एक},ఉప్పగ,
853,4.1,(भवति),भू1{कर्तरि;लट्;प्र;एक;परस्मैपदी;भ्वादिः},ఔతుంది,
854,5.1,दन्त-,दन्त,పండ్లతో,
855,5.2,पीडितः,पीडित{पुं;1;एक(पीड्1;क्त;चुरादिः)},నమిలినది,
856,6.1,शर्करा-,शर्करा,చక్కెర తో,
857,6.2,समः,सम{पुं;1;एक},సమానము(తీపి),
858,7.1,(च),च{अव्य},మరియు,
859,8.1,(भवति),भू1{कर्तरि;लट्;प्र;एक;परस्मैपदी;भ्वादिः},ఔతుంది,
860,9.1,.,-,,
861,1.1,मूल-,मूल,మూలము(వేర్లు),
862,1.2,अग्र-,अग्र,అగ్ర భాగము(కొస),
863,1.3,जन्तु-,जन्तु,పురుగులు ,
864,1.4,जग्ध-,जग्ध(अद्2;क्त;अदादिः),పట్టినవి,
865,1.5,आदि-,आदि,మొదలగు,
866,1.6,पीडनात्,पीडन{नपुं;5;एक(पीड्1;ल्युट्;चुरादिः)},పీడనము వలన,
867,10.1,.,-,,
868,2.1,मल-,मल,మలములు,
869,2.2,सङ्करात्,सङ्कर{पुं;5;एक},కలియుట వలన,
870,3.1,किञ्चित्,किञ्चित्{सर्वनाम;नपुं;2;एक},కొంచెము,
871,4.1,कालम्,काल{पुं;2;एक},కాలము,
872,5.1,विधृत्या,विधृति{स्त्री;3;एक},విళంబనము,
873,6.1,च,च{अव्य},మరియు,
874,7.1,विकृतिम्,विकृति{स्त्री;2;एक},వికారమును,
875,8.1,याति,या1{कर्तरि;लट्;प्र;एक;परस्मैपदी;अदादिः},చెందును,
876,9.1,यान्त्रिकः,यान्त्रिक{पुं;1;एक},యంత్రములచే  తీసినది ,
877,1.1,विदाही,विदाहिन्{पुं;1;एक},విదాహి ,
878,2.1,गुरु-,गुरु,"గురు, చిరకాలమునకు జీర్ణమగునది",
879,2.2,विष्टम्भी,विष्टम्भिन्{पुं;1;एक},విష్టంభీ( మల బంధము కలిగించును),
880,3.1,तेन,तद्{सर्वनाम;पुं;3;एक},,
881,4.1,असौ,अदस्{सर्वनाम;पुं;1;एक},,
882,5.1,(च),च{अव्य},మరియు,
883,6.1,(भवति),भू1{कर्तरि;लट्;प्र;एक;परस्मैपदी;भ्वादिः},ఔతుంది,
884,7.1,.,-,,
885,1.1,तत्र,तत्र{अव्य},అక్కడ,
886,10.1,.,-,,
887,2.1,पौण्ड्रकः,पौण्ड्रक{पुं;1;एक},పౌండ్రక మనెడి చెఱుకు భేదము,
888,3.1,शैत्य-,शैत्य,శీతత్వము,
889,3.2,प्रसाद-,प्रसाद,స్వచ్ఛత,
890,3.3,माधुर्यैः,माधुर्य{नपुं;3;बहु},మాధుర్యము,
891,4.1,वरः,वर{पुं;1;एक},శ్రేష్ఠము,
892,5.1,(भवति),भू1{कर्तरि;लट्;प्र;एक;परस्मैपदी;भ्वादिः},ఔతుంది,
893,6.1,तम्,तद्{सर्वनाम;पुं;2;एक},తక్కువ(పౌండ్రకముతో పోల్చిన),
894,7.1,अनु,अनु{अव्य},అను,
895,8.1,वांशिकः,वांशिक{पुं;1;एक},వంశ మనెడి చెఱుకు భేదము,
896,9.1,भवति,भू1{कर्तरि;लट्;प्र;एक;परस्मैपदी;भ्वादिः},ఔతుంది,
897,1.1,शतपर्वक-,शतपर्वक,శతపర్వక,
898,1.2,कान्तार-,कान्तार,కాంతార,
899,1.3,नैपाल-,नैपाल,నైపాలము,
900,1.4,आद्याः,आद्य{पुं;1;बहु},మొదలగు చెఱుకు భేదములు,
901,10.1,(भवन्ति),भू1{कर्तरि;लट्;प्र;बहु;परस्मैपदी;भ्वादिः},ఔతాయి,
902,11.1,.,-,,
903,2.1,ततः,ततः{अव्य},,
904,3.1,क्रमात्,क्रम{पुं;5;एक},వరుసగా,
905,4.1,स-,स,,
906,4.2,क्षाराः,क्षार{पुं;1;बहु},క్షారములు,
907,5.1,स-,स,,
908,5.2,कषायाः,कषाय{पुं;1;बहु},కషాయ రసములు,
909,6.1,च,च{अव्य},మరియు,
910,7.1,स-,स,,
911,7.2,उष्णाः,उष्ण{पुं;1;बहु},ఉష్ణ వీర్యము,
912,8.1,किञ्चित्,किञ्चित्{सर्वनाम;नपुं;1;एक,కొంచెము,
913,9.1,विदाहिनः,विदाहिन्{पुं;1;बहु},విదాహి గుణము,
914,1.1,फाणितम्,फाणित{नपुं;1;एक},ఫాణితము,
915,2.1,गुरु,गुरु{नपुं;1;एक},"గురు, చిరకాలమునకు జీర్ణమగునది",
916,3.1,अभिष्यन्दि,अभिष्यन्दिन्{नपुं;1;एक},అభిష్యంధి(శరీరములో క్లేదమును జనింపచేయును),
917,4.1,चय-,चय,సంచయము(దోషముల స్వస్థాన వృద్ధి),
918,4.2,कृत्,कृत्{नपुं;1;एक},కలిగించును,
919,5.1,मूत्र-,मूत्र,మూత్ర,
920,5.2,शोधनम्,शोधन{नपुं;1;एक(शुध्1;ल्युट्;दिवादिः)},శోధనము చేయును,
921,6.1,(च),च{अव्य},మరియు,
922,7.1,(भवति),भू1{कर्तरि;लट्;प्र;एक;परस्मैपदी;भ्वादिः},ఔతుంది,
923,8.1,.,-,,
924,1.1,न,न{अव्य},,
925,2.1,अति-,अति,అతి,
926,2.2,श्लेष्म-,श्लेष्मन्,"శ్లేష్మము,కఫము",
927,2.3,करः,कर{पुं;1;एक},పెంచును,
928,3.1,धौतः,धौत{पुं;1;एक},శుభ్రపరచిన,
929,4.1,सृष्ट-,सृष्ट(सृज्2;क्त;तुदादिः),బయలుపరచును,
930,4.2,मूत्र-,मूत्र,మూత్రము,
931,4.3,शकृत्,शकृत्{नपुं;1;एक},మలము,
932,5.1,गुडः,गुड{पुं;1;एक},బెల్లము,
933,6.1,(च),च{अव्य},మరియు,
934,7.1,(भवति),भू1{कर्तरि;लट्;प्र;एक;परस्मैपदी;भ्वादिः},ఔతుంది,
935,8.1,.,-,,
936,1.1,प्रभूत-,प्रभूत(प्र_भू1;क्त;भ्वादिः),వృద్ధి చేయును,
937,1.2,कृमि-,कृमि,కృమి,
938,1.3,मज्जा-,मज्जा,మజ్జా,
939,1.4,असृक्-,असृज्,రక్తము,
940,1.5,मेदः-,मेदस्,మేదస్సు,
941,1.6,मांस-,मांस,మాంసము,
942,1.7,कफः,कफ{पुं;1;एक},కఫము,
943,2.1,अपरः,अपर{पुं;1;एक},శుద్ధి చేయని,
944,3.1,(भवति),भू1{कर्तरि;लट्;प्र;एक;परस्मैपदी;भ्वादिः},ఔతుంది,
945,4.1,.,-,,
946,1.1,हृद्यः,हृद्य{पुं;1;एक},హృద్యము,
947,2.1,पुराणः,पुराण{पुं;1;एक},పాత,
948,3.1,(गुडः),गुड{पुं;1;एक},బెల్లము,
949,4.1,पथ्यः,पथ्य{पुं;1;एक},పథ్యము,
950,5.1,च,च{अव्य},మరియు,
951,6.1,(भवति),भू1{कर्तरि;लट्;प्र;एक;परस्मैपदी;भ्वादिः},ఔతుంది,
952,7.1,.,-,,
953,1.1,नवः,नव{पुं;1;एक},కొత్త,
954,2.1,(गुडः),गुड{पुं;1;एक},బెల్లము,
955,3.1,श्लेष्मा-,श्लेष्मा,"శ్లేష్మము,కఫము",
956,3.2,अग्नि-,अग्नि,అగ్ని,
957,3.3,साद-,साद,నాశనము,
958,3.4,कृत्,कृत्{पुं;1;एक},చేయును,
959,4.1,(भवति),भू1{कर्तरि;लट्;प्र;एक;परस्मैपदी;भ्वादिः},ఔతుంది,
960,5.1,.,-,,
961,1.1,वृष्याः,वृष्य{पुं;1;बहु(वृष्1;यत्;भ्वादिः)},"వృష్యము, శుక్ర వృద్ధికరము",
962,10.1,(भवन्ति),भू1{कर्तरि;लट्;प्र;बहु;परस्मैपदी;भ्वादिः},ఔతాయి,
963,11.1,.,-,,
964,2.1,क्षीण-,क्षीण(क्षि1;क्त;भ्वादिः),క్షీణ,
965,2.2,क्षत-,क्षत,క్షతములో,
966,2.3,हिताः,हित{पुं;1;बहु(धा1;क्त;जुहोत्यादिः)},హితకరము,
967,3.1,रक्तपित्त-,रक्तपित्त,రక్తపిత్తము,
968,3.2,अनिल-,अनिल,వాతమును,
969,3.3,अपहाः,अपह{पुं;1;बहु},నశింపజేయునవి,
970,4.1,मत्स्यण्डिका-,मत्स्यण्डिका,మత్స్యండిక,
971,4.2,खण्ड-,खण्ड,ఖండ,
972,4.3,सिताः,सित{पुं;1;बहु(षि2;क्त;क्र्यादिः)},శర్కర,
973,5.1,च,च{अव्य},మరియు,
974,6.1,भवन्ति,भू1{कर्तरि;लट्;प्र;बहु;परस्मैपदी;भ्वादिः},ఔతాయి,
975,7.1,(ते),तद्{सर्वनाम;पुं;1;बहु},వారు,
976,8.1,क्रमेण,क्रम{पुं;3;एक},"క్రమంలో, వరుసలో",
977,9.1,गुणवत्तमाः,गुणवत्तम{पुं;1;बहु},గుణములో ఉత్తమము,
978,1.1,तत्-,तत्,ఆ,
979,1.2,गुणाः,गुण{पुं;1;बहु},గుణముల సమానము,
980,2.1,तिक्त-,तिक्त,చేదు,
981,2.2,मधुराः,मधुर{पुं;1;बहु},మధుర,
982,3.1,कषायाः,कषाय{पुं;1;बहु},కషాయ రసములు,
983,4.1,यासशर्कराः,यासशर्करा{स्त्री;1;बहु},యవాస శర్కర,
984,5.1,(च),च{अव्य्},మరియు,
985,6.1,(भवन्ति),भू1{कर्तरि;लट्;प्र;बहु;परस्मैपदी;भ्वादिः},ఔతాయి,
986,7.1,.,-,,
987,1.1,दाह-,दाह,మంట,
988,1.2,तृट्-,-तृट्,దాహము,
989,1.3,छर्दि-,छर्दि,వాంతి,
990,1.4,मूर्च्छा-,-मूर्च्छा,మూర్ఛ,
991,1.5,असृक्पित्त-,-असृक्पित्त,రక్తపిత్త,
992,1.6,घ्न्यः,घ्नी{स्त्री;1;बहु},హరించును,
993,2.1,सर्व-,सर्व,అన్ని,
994,2.2,शर्कराः,शर्करा{स्त्री;1;बहु},శర్కరలు,
995,3.1,(भवन्ति),भू1{कर्तरि;लट्;प्र;बहु;परस्मैपदी;भ्वादिः},ఔతాయి,
996,4.1,.,-,,
997,1.1,शर्करा,शर्करा{स्त्री;1;एक},శర్కర,
998,2.1,इक्षु-,इक्षु,చెరుకు,
999,2.2,विकाराणाम्,विकार{पुं;6;बहु},వికారములు(చెఱుకు నుండి వచ్చిన ఉత్పత్తులు),
1000,3.1,फाणितम्,फाणित{नपुं;1;एक},ఫాణితము,
1001,4.1,क्रमेण,क्रम{पुं;3;एक},క్రమముగ,
1002,5.1,च,च{अव्य},మరియు,
1003,6.1,वर-,वर,శ్రేష్ఠము,
1004,6.2,अवरे,अवर{नपुं;1;द्वि},నిందితము,
1005,7.1,(भवतः),भू1{कर्तरि;लट्;प्र;द्वि;परस्मैपदी;भ्वादिः},ఔతాయి,
1006,8.1,.,-,,
1007,1.1,चक्षुष्यम्,चक्षुष्य{नपुं;1;एक},చక్షుష్యము(కన్నులకు/చూపుకు హితకరము),
1008,10.1,(च),च{अव्य},మరియు,
1009,11.1,(भवति),भू1{कर्तरि;लट्;प्र;एक;परस्मैपदी;भ्वादिः},ఔతుంది,
1010,12.1,.,-,,
1011,2.1,छेदि,छेदि{नपुं;1;एक},ఛేది,
1012,3.1,तृट्-,तृट्,దాహము,
1013,3.2,श्लेष्म-,श्लेष्मन्,"శ్లేష్మము,కఫము",
1014,3.3,विष-,विष,విషము,
1015,3.4,हिध्मा-,-हिध्मा,ఎక్కిళ్ళు,
1016,3.5,अस्रपित्त-,-अस्रपित्त,రక్తపిత్తమును,
1017,3.6,नुत्,नुद्{नपुं;1;एक},హరించును,
1018,4.1,मेह-,मेह,ప్రమేహము,
1019,4.2,कुष्ठ-,कुष्ठ,"కుష్ఠము,చర్మ రోగము",
1020,4.3,कृमि-,कृमि,కృమి,
1021,4.4,छर्दि-,छर्दि,వాంతి,
1022,4.5,श्वास-,श्वास,ఆయాసము,
1023,4.6,कास-,कास,దగ్గు,
1024,4.7,अतिसार-,अतिसार,అతిసారము,
1025,4.8,जित्,जित्{पुं;1;एक},జయించును,
1026,5.1,व्रण-,व्रण,వ్రణ(పుండు),
1027,5.2,शोधन-,शोधन(शुध्1;ल्युट्;दिवादिः),శోధనము,
1028,5.3,सन्धान-,सन्धान,సంధానము,
1029,5.4,रोपणम्,रोपण{नपुं;1;एक},రోపణము,
1030,6.1,वातलम्,वातल{नपुं;1;एक},వాతమును పెంచును,
1031,7.1,मधु,मधु{नपुं;1;एक},తేనె,
1032,8.1,रूक्षम्,रूक्ष{नपुं;1;एक},రూక్షము,
1033,9.1,कषाय-,कषाय,కషాయ,
1034,9.2,मधुरम्,मधुर{नपुं;1;एक},మధుర రసము,
1035,1.1,तत्-,तद्,ఆ(తేనెతో),
1036,1.2,तुल्या,तुल्या{स्त्री;1;एक},సమానము,
1037,2.1,मधुशर्करा,मधुशर्करा{स्त्री;1;एक},మధుశర్కర,
1038,3.1,(भवति),भू1{कर्तरि;लट्;प्र;एक;परस्मैपदी;भ्वादिः},ఔతుంది,
1039,4.1,.,-,,
1040,1.1,उष्णम्,उष्ण{नपुं;1;एक},వేడి చేసి కానీ,
1041,10.1,.,-,,
1042,2.1,उष्ण-,उष्ण,ఉష్ణముచే పీడింపబడు,
1043,2.2,आर्तम्,आर्त{पुं;2;एक(आङ्_ऋ2;क्त;जुहोत्यादिः)},రోగికి,
1044,3.1,उष्णे,उष्ण{नपुं;7;एक},వేడి పదార్థములతో,
1045,4.1,च,च{अव्य},మరియు,
1046,5.1,युक्तम्,युक्त{नपुं;1;एक(युज्2;क्त;रुधादिः)},చేర్చి కానీ,
1047,6.1,च,च{अव्य},మరియు,
1048,7.1,उष्णैः,उष्ण{नपुं;3;बहु},"వేడి ప్రదేశములు, కాలములో కానీ",
1049,8.1,निहन्ति,नि_हन्1{कर्तरि;लट्;प्र;एक;परस्मैपदी;अदादिः},చంపును,
1050,9.1,तत्,तद्{सर्वनाम;नपुं;1;एक},ఆ తేనె,
1051,1.1,प्रच्छर्दने,प्रच्छर्दन{नपुं;7;एक},వమనములో,
1052,2.1,निरूहे,निरूह{पुं;7;एक},నిరూహ వస్తిలో,
1053,3.1,च,च{अव्य},మరియు,
1054,4.1,मधु,मधु{नपुं;1;एक},తేనె,
1055,5.1,उष्णम्,उष्ण{नपुं;1;एक},వేడి గా,
1056,6.1,न,न{अव्य},,
1057,7.1,निवार्यते,नि_वृ{णिच्;कर्मणि;लट्;प्र;एक;आत्मनेपदी;स्वादिः},నిషేధింపబడలేదు,
1058,8.1,.,-,,
1059,1.1,अ-,अ,అ,
1060,1.2,लब्ध-,लब्ध(लभ्1;क्त;भ्वादिः),,
1061,1.3,पाकम्,पाक{नपुं;1;एक},పాకము చెందుట,
1062,2.1,आशु,आशु{अव्य},శీఘ్రముగ,
1063,3.1,एव,एव{अव्य},కాబట్టి,
1064,4.1,तयोः,तद्{सर्वनाम;नपुं;6;द्वि},,
1065,5.1,यस्मात्,यद्{सर्वनाम;नपुं;5;एक},,
1066,6.1,निवर्तते,नि_वृत्1{कर्तरि;लट्;प्र;एक;आत्मनेपदी;भ्वादिः},నిషేధింపబడలేదు,
1067,7.1,.,-,,
1068,1.1,तैलम्,तैल{नपुं;1;एक},నూనె,
1069,2.1,स्व-,स्व,స్వ,
1070,2.2,योनिवत्,योनिवत्{अव्य्},,
1071,3.1,(भवति),भू1{कर्तरि;लट्;प्र;एक;परस्मैपदी;भ्वादिः},ఔతుంది,
1072,4.1,.,-,,
1073,1.1,तत्र,तत्र{अव्य},అక్కడ,
1074,2.1,मुख्यम्,मुख्य{नपुं;1;एक},ముఖ్యము,
1075,3.1,तीक्ष्णम्,तीक्ष्ण{नपुं;1;एक},తీక్ష్ణము,
1076,4.1,व्यवायि,व्यवायिन्{नपुं;1;एक},వ్యవాయి(వ్యాపించు స్వభావం),
1077,5.1,च,च{अव्य},మరియు,
1078,7.1,भवति,भू1{कर्तरि;लट्;प्र;एक;परस्मैपदी;भ्वादिः},ఔతుంది,
1079,9.1,.,-,,
1080,1.1,त्वक्-,त्वच्,చర్మ,
1081,1.2,दोष-,दोष,దోష,
1082,1.3,कृत्,कृत्{नपुं;1;एक},కలిగించును,
1083,2.1,अ-,अ,అ,
1084,2.2,चक्षुष्यम्,चक्षुष्य{नपुं;1;एक},చక్షుష్యము(కన్నులకు/చూపుకు హితకరము),
1085,3.1,सूक्ष्म-,सूक्ष्म,సూక్ష్మ స్రోతస్సులలో వ్యాప్తి చెందునది,
1086,3.2,उष्णम्,उष्ण{नपुं;1;एक},ఉష్ణ వీర్యము,
1087,4.1,कफ-,कफ,కఫము,
1088,4.2,कृत्,कृत्{नपुं;1;एक},పెంచును,
1089,5.1,(तत्),तद्{नपुं;1;एक},దాని,
1090,6.1,न,न{अव्य},,
1091,7.1,च,च{अव्य},మరియు,
1092,8.1,भवति,भू1{कर्तरि;लट्;प्र;एक;परस्मैपदी;भ्वादिः},ఔతుంది,
1093,9.1,.,-,,
1094,1.1,कृशानाम्,कृश{पुं;6;बहु},కృశించిన మనుజునికి,
1095,2.1,बृंहणाय,बृंहण{नपुं;4;एक},శరీర పుష్టిని కలుగచేయును,
1096,3.1,अलम्,अलम्{अव्य},,
1097,4.1,स्थूलानाम्,स्थूल{पुं;6;बहु},స్థూల శరీరునికి,
1098,5.1,कर्शनाय,कर्शन{नपुं;4;एक(कृश्1;ल्युट्;दिवादिः)},కృశత్వమును,
1099,6.1,च,च{अव्य},మరియు,
1100,7.1,(तत्),तद्{नपुं;1;एक},దాని,
1101,8.1,भवति,भू1{कर्तरि;लट्;प्र;एक;परस्मैपदी;भ्वादिः},ఔతుంది,
1102,9.1,.,-,,
1103,1.1,बद्ध-,बद्ध,బద్ధ,
1104,1.2,विट्कम्,विट्क{नपुं;1;एक},మలము,
1105,2.1,कृमि-,कृमि,కృమి,
1106,2.2,घ्नम्,घ्न{नपुं;1;एक},హరించును,
1107,3.1,सर्व-,सर्व,అన్ని,
1108,3.2,रोग-,रोग,రోగములను,
1109,3.3,जित्,जित्{पुं;1;एक},జయించును,
1110,4.1,च,च{अव्य},మరియు,
1111,5.1,संस्कारात्,संस्कार{पुं;5;एक(सम्_कृ3;घञ्;तनादिः)},సంస్కారము వలన,
1112,6.1,(तत्),तद्{नपुं;1;एक},దాని,
1113,7.1,भवति,भू1{कर्तरि;लट्;प्र;एक;परस्मैपदी;भ्वादिः},ఔతుంది,
1114,8.1,.,-,,
1115,1.1,स-,स,,
1116,1.2,तिक्त-,तिक्त,చేదు,
1117,1.3,उषणम्,उषण{नपुं;1;एक},కారం,
1118,2.1,ऐरण्डम्,ऐरण्ड{नपुं;1;एक},ఆముదము,
1119,3.1,तैलम्,तैल{नपुं;1;एक},నూనె,
1120,4.1,स्वादु,स्वादु{नपुं;1;एक},మధుర రసము,
1121,5.1,सरम्,सर{नपुं;1;एक},సర గుణము,
1122,6.1,गुरु,गुरु{नपुं;1;एक},గురువు,
1123,7.1,च,च{अव्य},మరియు,
1124,8.1,भवति,भू1{कर्तरि;लट्;प्र;एक;परस्मैपदी;भ्वादिः},ఔతుంది,
1125,9.1,.,-,,
1126,1.1,वर्ध्म-,वर्ध्म,వర్ధ్మ రోగము,
1127,1.2,गुल्म-,गुल्म,గుల్మ రోగము,
1128,1.3,अनिल-,अनिल,వాతము,
1129,1.4,कफान्,कफ{पुं;2;बहु},కఫము,
1130,2.1,उदरम्,उदर{नपुं;2;एक},ఉదర రోగమును,
1131,3.1,विषम-,विषम,విషమ,
1132,3.2,ज्वरम्,ज्वर{पुं;2;एक},జ్వరమును,
1133,4.1,रुक्-,रुच्,నొప్పులను,
1134,4.2,शोफौ,शोफ{पुं;2;द्वि},వాపులను,
1135,5.1,च,च{अव्य},మరియు,
1136,6.1,कटी-,कटी,కటి/నడుము,
1137,6.2,गुह्य-,गुह्य,గుహ్య ప్రదేశము,
1138,6.3,कोष्ठ-,कोष्ठ,కోష్ఠము,
1139,6.4,पृष्ठ-,पृष्ठ,వీపు నందు,
1140,6.5,आश्रयौ,आश्रय{पुं;2;द्वि},ఆశ్రయించిన/కలిగిన,
1141,7.1,जयेत्,जि1{कर्तरि;विधिलिङ्;प्र;एक;परस्मैपदी;भ्वादिः},జయించును,
1142,8.1,.,-,,
1143,1.1,तीक्ष्ण-,तीक्ष्ण,తీక్ష్ణము,
1144,1.2,उष्णम्,उष्ण{नपुं;1;एक},ఉష్ణము,
1145,2.1,पिच्छिलम्,पिच्छिल{नपुं;1;एक},పిచ్ఛిలము,
1146,3.1,विस्रम्,विस्र{नपुं;1;एक},విస్రము(దుర్గంధము కలది),
1147,4.1,रक्त-,रक्त,ఎర్ర,
1148,4.2,एरण्ड-,एरण्ड,ఆముదము ,
1149,4.3,उद्भवम्,उद्भव{नपुं;1;एक},నుండి తీసిన తైలము,
1150,5.1,तु,तु{अव्य},,
1151,6.1,अति,अति{अव्य},అధిక,
1152,7.1,च,च{अव्य},మరియు,
1153,8.1,भवति,भू1{कर्तरि;लट्;प्र;एक;परस्मैपदी;भ्वादिः},ఔతుంది,
1154,9.1,.,-,,
1155,1.1,कटु,कटु{नपुं;1;एक},కారం,
1156,10.1,च,च{अव्य},మరియు,
1157,11.1,भवति,भू1{कर्तरि;लट्;प्र;एक;परस्मैपदी;भ्वादिः},ఔతుంది,
1158,12.1,.,-,,
1159,2.1,उष्णम्,उष्ण{नपुं;1;एक},ఉష్ణ వీర్యము,
1160,3.1,सार्षपम्,सार्षप{नपुं;1;एक},ఆవ నూనె,
1161,4.1,(तैलम्),तैल{नपुं;1;एक},"తైలము, నూనె",
1162,5.1,तीक्ष्णम्,तीक्ष्ण{नपुं;1;एक},తీక్ష్ణ,
1163,6.1,कफ-,कफ,కఫము,
1164,6.2,शुक्र-,शुक्र,శుక్రము,
1165,6.3,अनिल-,अनिल,వాతమును,
1166,6.4,अपहम्,अपह{नपुं;1;एक},నశింపజేయును,
1167,7.1,लघु,लघु{नपुं;1;एक},లఘవు,
1168,8.1,पित्त-,पित्त,పిత్త-,
1169,8.2,अस्र-,अस्र,రక్తము,
1170,8.3,कृत्,कृत्{नपुं;1;एक},కలిగించును,
1171,9.1,कोठ-,कोठ,కోఠ (క్షుద్ర కుష్ఠము),
1172,9.2,कुष्ठ-,कुष्ठ,"కుష్ఠము,చర్మ రోగము",
1173,9.3,अर्शः-,अर्शस्,"అర్శస్సు,మొలలు",
1174,9.4,व्रण-,व्रण,వ్రణము(పుండు),
1175,9.5,जन्तु-,जन्तु,కృమి రోగమును(బాహ్య జంతువులు),
1176,9.6,जित्,जित्{नपुं;1;एक},జయించును,
1177,1.1,आक्षम्,आक्ष{नपुं;1;एक},తానికాయ నూనె,
1178,2.1,स्वादु,स्वादु{नपुं;1;एक},మధురము,
1179,3.1,हिमम्,हिम{नपुं;1;एक},శీతలము,
1180,4.1,केश्यम्,केश्य{नपुं;1;एक},"కేశ్యము,జుట్టుకు హితకరము",
1181,5.1,गुरु,गुरु{नपुं;1;एक},గురు,
1182,6.1,पित्त-,पित्त,పిత్తము,
1183,6.2,अनिल-,अनिल,వాతమును,
1184,6.3,अपहम्,अपह{नपुं;2;एक},నశింపజేయునది,
1185,7.1,च,च{अव्य},మరియు,
1186,8.1,भवति,भू1{कर्तरि;लट्;प्र;एक;परस्मैपदी;भ्वादिः},ఔతుంది,
1187,9.1,.,-,,
1188,1.1,न,न{अव्य},కాదు,
1189,2.1,अति-,अति,"అధిక,అత్యంత",
1190,2.2,उष्णम्,उष्ण{नपुं;1;एक},ఉష్ణ వీర్యము,
1191,3.1,निम्ब-,निम्ब,వేప ,
1192,3.2,जम्,ज{नपुं;1;एक},నుండి తీసిన ,
1193,4.1,(तैलम्),तैल{नपुं;1;एक},"తైలము, నూనె",
1194,5.1,तिक्तम्,तिक्त{नपुं;1;एक},చేదు రసము,
1195,6.1,कृमि-,कृमि,కృమి రోగము,
1196,6.2,कुष्ठ-,कुष्ठ,"కుష్ఠము,చర్మ రోగము",
1197,6.3,कफ-,कफ,కఫము,
1198,6.4,प्रणुत्,प्रणुद्{नपुं;1;एक},పోగొట్టును,
1199,7.1,(च),च{अव्य},మరియు,
1200,8.1,(भवति),भू1{कर्तरि;लट्;प्र;एक;परस्मैपदी;भ्वादिः},ఔతుంది,
1201,9.1,.,-,,
1202,1.1,उमा-,उमा,అగసి(అతసీ),
1203,1.2,कुसुम्भ-,कुसुम्भ,కుసుమ,
1204,1.3,जम्,ज{नपुं;1;एक},నుండి తీసిన ,
1205,2.1,च,च{अव्य},మరియు,
1206,3.1,(तैलम्),तैल{नपुं;1;एक},"తైలము, నూనె",
1207,4.1,उष्णम्,उष्ण{नपुं;1;एक},ఉష్ణ వీర్యము,
1208,5.1,त्वक्-,त्वच्,చర్మ,
1209,5.2,दोष-,दोष,దోషము,
1210,5.3,कफ-,कफ,కఫము,
1211,5.4,पित्त-,पित्त,పిత్తము,
1212,5.5,कृत्,कृत्{नपुं;1;एक},కలిగించును,
1213,6.1,(च),च{अव्य},మరియు,
1214,7.1,(भवति),भू1{कर्तरि;लट्;प्र;एक;परस्मैपदी;भ्वादिः},ఔతుంది,
1215,8.1,.,-,,
1216,1.1,वसा,वसा{स्त्री;1;एक},వసా,
1217,2.1,मज्जा,मज्जा{स्त्री;1;एक},మజ్జా,
1218,3.1,च,च{अव्य},మరియు,
1219,4.1,वात-,वात(वा1;क्त;अदादिः),వాతమును,
1220,4.2,घ्नौ,घ्न{पुं;1;द्वि},హరించును,
1221,5.1,बल-,बल,బలము,
1222,5.2,पित्त-,पित्त,పిత్తము,
1223,5.3,कफ-,कफ,కఫమును ,
1224,5.4,प्रदौ,प्रद{पुं;1;द्वि},కలిగించును,
1225,6.1,मांस-,मांस,(ఏ ప్రాణి)మాంసము,
1226,6.2,अनुग-,अनुग,నుండి తీసిన ,
1227,6.3,स्वरूपौ,स्वरूप{पुं;1;द्वि},(మాంస)గుణములే,
1228,7.1,च,च{अव्य},మరియు,
1229,8.1,(भवति),भू1{कर्तरि;लट्;प्र;एक;परस्मैपदी;भ्वादिः},ఔతుంది,
1230,10.1,मेदः,मेद{नपुं;2;एक},మేదస్సు,
1231,11.1,अपि,अपि{अव्य},కూడా,
1232,12.1,तौ,तद्{सर्वनाम;पुं;2;द्वि},ఆ (వసా మజ్జాదుల),
1233,13.1,इव,इव{अव्य},(గుణము)వలె,
1234,14.1,.,-,,
1235,9.1,विद्यात्,विद्1{कर्तरि;आशीर्लिङ्;प्र;एक;परस्मैपदी;अदादिः},తెలుసుకోవాలి,
1236,1.1,(युक्त्या),युक्ति{स्त्री;3;एक},యుక్తితో,
1237,10.1,सरम्,सर{नपुं;1;एक},సరం,
1238,11.1,स-,स,,
1239,11.2,कषायम्,कषाय{नपुं;1;एक},కషాయ రసము,
1240,12.2,आरोग्य-,आरोग्य,ఆరోగ్యము,
1241,12.3,प्रतिभा-,प्रतिभा,బుద్ధి వికాసము,
1242,12.4,वर्ण-,वर्ण,వర్ణము(మేని ఛాయ),
1243,12.5,कृत्,कृत्{नपुं;1;एक},కలిగించును,
1244,13.1,स्वर-,स्वर,మంచి కంఠ స్వరము,
1245,14.1,लघु,लघु{नपुं;1;एक},లఘువు,
1246,15.1,(च),च{अव्य},మరియు,
1247,16.1,(भवति),भू1{कर्तरि;लट्;प्र;एक;परस्मैपदी;भ्वादिः},ఔతుంది,
1248,17.1,.,-,,
1249,2.1,(पीतम्),पीत{नपुं;1;एक},తాగిన,
1250,3.1,दीपनम्,दीपन{नपुं;1;एक(दीप्1;ल्युट्;दिवादिः)},అగ్ని ని పెంచును,
1251,4.1,रोचनम्,रोचन{नपुं;1;एक(रुच्1;ल्युट्;भ्वादिः)},రుచిని పుట్టించును,
1252,5.1,मद्यम्,मद्य{नपुं;1;एक},మద్యము,
1253,6.1,तीक्ष्ण-,तीक्ष्ण,తీక్ష్ణము,
1254,6.2,उष्णम्,उष्ण{नपुं;1;एक},ఉష్ణ వీర్యము,
1255,7.1,तुष्टि-,तुष्टि,మనస్సునకు సంతోషము,
1256,7.2,पुष्टि-,पुष्टि,శరీరమునకు పుష్టిని,
1257,7.3,दम्,द{नपुं;1;एक},ఇచ్చును,
1258,8.1,स-,स,,
1259,8.2,स्वादु-,स्वादु,తీపి,
1260,8.3,तिक्त-,तिक्त,చేదు,
1261,8.4,कटुकम्,कटुक{नपुं;1;एक},కారం,
1262,9.1,अम्ल-,अम्ल,అమ్ల,
1263,9.2,पाक-,पाक,విపాకము,
1264,9.3,रसम्,रस{नपुं;1;एक},రసము,
1265,1.1,नष्ट-,नष्ट(णश्1;क्त;दिवादिः),లోపించిన,
1266,1.2,निद्रा-,निद्रा,నిద్ర గలవారికి,
1267,1.3,अति-,अति,అతి,
1268,1.4,निद्रेभ्यः,निद्र{पुं;4;बहु},నిద్ర గలవారికి,
1269,10.1,पीतम्,पीत{नपुं;1;एक},తాగిన,
1270,11.1,(च),च{अव्य},మరియు,
1271,12.1,(तत्),तद्{नपुं;1;एक},దాని,
1272,13.1,(भवति),भू1{कर्तरि;लट्;प्र;एक;परस्मैपदी;भ्वादिः},ఔతుంది,
1273,14.1,.,-,,
1274,2.1,हितम्,हित{नपुं;1;एक(धा1;क्त;जुहोत्यादिः)}/हित{नपुं;2;एक(धा1;क्त;जुहोत्यादिः)}/हित{पुं;2;एक(हि1;क्त;स्वादिः)}/हित{नपुं;1;एक(हि1;क्त;स्वादिः)},హితకరము,
1275,3.1,पित्त-,पित्त,పిత్త,
1276,3.2,अस्र-,अस्र,రక్తమును,
1277,3.3,दूषणम्,दूषण{नपुं;1;एक},దూషింప చేయును,
1278,4.1,कृश-,कृश,కృశ శరీరులకు,
1279,4.2,स्थूल-,स्थूल,స్థూల శరీరులకి,
1280,4.3,हितम्,हित{नपुं;1;एक(धा1;क्त;जुहोत्यादिः)},హితకరము,
1281,5.1,रूक्षम्,रूक्ष{नपुं;1;एक},రూక్షము,
1282,6.1,सूक्ष्मम्,सूक्ष्म{नपुं;1;एक},సూక్ష్మము(సూక్ష్మ స్రోతస్సులలో వ్యాప్తి చెందునది),
1283,7.1,स्रोतः-,स्रोतस्,స్రోతస్సులను,
1284,7.2,विशोधनम्,विशोधन{नपुं;1;एक(वि_शुध्1;ल्युट्;दिवादिः)},శుద్ధి చేయును,
1285,8.1,वात-,वात(वा1;क्त;अदादिः),వాతము,
1286,8.2,श्लेष्म-,श्लेष्मन्,"శ్లేష్మము,కఫము",
1287,8.3,हरम्,हर{नपुं;1;एक},హరించును,
1288,9.1,युक्त्या,युक्ति{स्त्री;3;एक},యుక్తితో సేవించనచో,
1289,1.1,विषवत्,विष{मतुप्;नपुं;1;एक},విషము వలె ,
1290,2.1,अन्यथा,अन्यथा{अव्य},లేదా( యుక్తి రహితముగా సేవించనచో),
1291,3.1,(भवति),भू1{कर्तरि;लट्;प्र;एक;परस्मैपदी;भ्वादिः},ఔతుంది,
1292,4.1,.,-,,
1293,1.1,गुरु,गुरु{नपुं;1;एक},"గురు, చిరకాలమునకు జీర్ణమగునది",
1294,10.1,अन्यथा,अन्यथा{अव्य},వ్యతిరేక గుణములు కలది,
1295,11.1,भवति,भू1{कर्तरि;लट्;प्र;एक;परस्मैपदी;भ्वादिः},ఔతుంది,
1296,12.1,.,-,,
1297,2.1,तद्,तद्{सर्वनाम;नपुं;1;एक},"అక్కడ,అప్పుడు",
1298,3.1,दोष-,दोष,దోషములను,
1299,3.2,जननम्,जनन{नपुं;1;एक},కలిగించును,
1300,4.1,(च),च{अव्य्},మరియు,
1301,5.1,(भवति),भू1{कर्तरि;लट्;प्र;एक;परस्मैपदी;भ्वादिः},ఔతుంది,
1302,6.1,नवम्,नव{नपुं;1;एक},కొత్త,
1303,7.1,(मद्यम्),मद्य{नपुं;1;एक},మద్యము,
1304,8.1,जीर्णम्,जीर्ण{नपुं;1;एक},పాతబడిన మద్యము,
1305,9.1,अतः,अतः{अव्य},,
1306,1.1,(मद्यम्),मद्य{नपुं;1;एक},మద్యము,
1307,10.1,अत्यर्थ-,अत्यर्थ,అత్యంత,
1308,10.2,तीक्ष्ण-,तीक्ष्ण,తీక్ష్ణము,
1309,10.3,मृदु,मृदु{नपुं;1;एक},మృదువు,
1310,11.1,अल्प-,अल्प,అల్ప,
1311,11.2,सम्भारम्,सम्भार{नपुं;1;एक},సంభారములతో చేసిన మద్యము,
1312,12.1,कलुषम्,कलुष{नपुं;1;एक},స్వచ్ఛము కాని,
1313,13.1,(मद्यम्),मद्य{नपुं;1;एक},మద్యము,
1314,14.1,न,न{अव्य},కాదు,
1315,15.1,(पेयम्),पेय{नपुं;1;एक(पा2;यत्;अदादिः)},"పాన యోగ్యము, తాగదగినది",
1316,16.1,च,च{अव्य},మరియు,
1317,17.1,.,-,,
1318,2.1,पेयम्,पेय{नपुं;1;एक(पा2;यत्;अदादिः)},"పాన యోగ్యము, తాగదగినది",
1319,3.1,न,न{अव्य},కాదు,
1320,4.1,उष्ण-,उष्ण,ఉష్ణ ,
1321,4.2,उपचारेण,उपचार{पुं;3;एक},ఉపచారములు(ఆహారపానీయాదులు),
1322,5.1,न,न{अव्य},కాదు,
1323,6.1,विरिक्त-,विरिक्त(वि_रिच्1;क्त;रुधादिः),విరేచనము చేసుకొనిన వాడు,
1324,6.2,क्षुध-,-क्षुध,ఆకలి చే,
1325,6.3,आतुरैः,आतुर{पुं;3;बहु},పీడితుడు,
1326,7.1,(च),च{अव्य्},మరియు,
1327,8.1,.,-,,
1328,9.1,न,न{अव्य},,
1329,1.1,गुल्म-,गुल्म,గుల్మ రోగము,
1330,1.2,उदर-,उदर,ఉదర రోగము,
1331,1.3,अर्शः-,अर्शस्,"అర్శస్సు,మొలలు",
1332,1.4,ग्रहणी-,ग्रहणी,గ్రహణీ రోగము,
1333,1.5,शोष-,शोष,శోష,
1334,1.6,हृत्,हृद्{नपुं;1;एक},హరించును,
1335,2.1,स्नेहनी,स्नेहनी{स्त्री;1;एक},దేహమున స్నిగ్ధ గుణమును కలిగించును,
1336,3.1,गुरुः,गुरु{पुं;1;एक},గురు,
1337,4.1,सुरा,सुरा{स्त्री;1;एक},సురా,
1338,5.1,अनिल-,अनिल,వాతమును,
1339,5.2,घ्नी,घ्नी{स्त्री;1;एक},హరించును,
1340,6.1,मेदः-,मेदस्,మేదస్సు,
1341,6.2,असृक्-,असृज्,రక్త,
1342,6.3,स्तन्य-,स्तन्य,స్తన్యము(చనుపాలు),
1343,6.4,मूत्र-,मूत्र,మూత్రము,
1344,6.5,कफ-,कफ,కఫము,
1345,6.6,आवहा,आवहा{स्त्री;1;एक},కలిగించును,
1346,7.1,(च),च{अव्य},మరియు,
1347,8.1,(भवति),भू1{कर्तरि;लट्;प्र;एक;परस्मैपदी;भ्वादिः},ఔతుంది,
1348,9.1,.,-,,
1349,1.1,तत्-,तत्,ఆ(సురా యొక్క),
1350,1.2,गुणा,गुणा{स्त्री;1;एक},గుణము,
1351,10.1,शूल-,शूल,"శూల,",
1352,10.2,कास-,कास,దగ్గు,
1353,10.3,वमि-,वमि,వాంతి,
1354,10.4,श्वास-,श्वास,ఆయాసము,
1355,10.5,विबन्ध-,विबन्ध,విబంధము(వాతావరోధము),
1356,10.6,आध्मान-,आध्मान,ఆధ్మానము,
1357,10.7,पीनसान्,पीनस{पुं;2;बहु},జలుబులను,
1358,11.1,.,-,,
1359,2.1,वारुणी,वारुणी{स्त्री;1;एक},వారుణీ మద్యము(శ్వేత సురా),
1360,3.1,हृद्या,हृद्या{स्त्री;1;एक},హృద్యము,
1361,4.1,लघु-,लघु,లఘువు,
1362,4.2,तीक्ष्णा,तीक्ष्णा{स्त्री;1;एक},తీక్ష్ణము,
1363,5.1,(च),च{अव्य्},మరియు,
1364,6.1,(भवति),भू1{कर्तरि;लट्;प्र;एक;परस्मैपदी;भ्वादिः},ఔతుంది,
1365,7.1,.,-,,
1366,8.1,निहन्ति,नि_हन्1{कर्तरि;लट्;प्र;एक;परस्मैपदी;अदादिः},హరించును,
1367,9.1,च,च{अव्य},మరియు,
1368,1.1,न,न{अव्य},కాదు,
1369,2.1,अति-,अति,అత్యంత,
1370,2.2,तीव्र-,तीव्र,"తీవ్ర, మిక్కిలి",
1371,2.3,मदा,मदा{स्त्री;1;एक},మదమును,
1372,3.1,लघ्वी,लघ्वी{स्त्री;1;एक},లఘు,
1373,4.1,पथ्या,पथ्या{स्त्री;1;एक},పథ్యము,
1374,5.1,बैभीतकी,बैभीतकी{स्त्री;1;एक},తానికాయ తో చేసిన,
1375,6.1,सुरा,सुरा{स्त्री;1;एक},సురా,
1376,7.1,(च),च{अव्य},మరియు,
1377,8.1,(भवति),भू1{कर्तरि;लट्;प्र;एक;परस्मैपदी;भ्वादिः},ఔతుంది,
1378,9.1,.,-,,
1379,1.1,सा,तद्{सर्वनाम;स्त्री;1;एक},తానికాయ సురా,
1380,2.1,व्रणे,व्रण{पुं;7;एक},వ్రణములో,
1381,3.1,पाण्डु-,पाण्डु,పాండు ,
1382,3.2,आमये,आमय{पुं;7;एक},రోగములో,
1383,4.1,कुष्ठे,कुष्ठ{पुं;7;एक},"కుష్ఠములో,చర్మ రోగములో",
1384,5.1,न,न{अव्य},,
1385,6.1,च,च{अव्य},మరియు,
1386,7.1,अत्यर्थम्,अत्यर्थम्{अव्य},మిక్కిలి ,
1387,8.1,विरुध्यते,वि_रुध्1{कर्मणि;लट्;प्र;एक;आत्मनेपदी;रुधादिः},నిషేధింపబడలేదు,
1388,9.1,.,-,,
1389,1.1,विष्टम्भिनी,विष्टम्भिन्{स्त्री;1;एक},విష్టంభి(మలబంధము కలిగించును),
1390,2.1,यवसुरा,यवसुरा{स्त्री;1;एक},యవసురా,
1391,3.1,गुर्वी,गुर्वी{स्त्री;1;एक},గురువుగ ,
1392,4.1,रूक्षा,रूक्षा{स्त्री;1;एक},రూక్షముగ,
1393,5.1,त्रिदोष-,त्रिदोष,మూడు దోషములు,
1394,5.2,ला,ल{स्त्री;1;एक},కలిగించునది,
1395,6.1,(च),च{अव्य},మరియు,
1396,7.1,(भवति),भू1{कर्तरि;लट्;प्र;एक;परस्मैपदी;भ्वादिः},ఔతుంది,
1397,8.1,.,-,,
1398,1.1,यथा,यथा{अव्य},,
1399,10.1,च,च{अव्य},మరియు,
1400,11.1,हन्ति,हन्1{कर्तरि;लट्;प्र;एक;परस्मैपदी;अदादिः},హరించును,
1401,12.1,गुल्म-,गुल्म,గుల్మ రోగము,
1402,12.2,कृमि-,कृमि,కృమి రోగము,
1403,12.3,प्लीह्नः,प्लीहन्{पुं;1;एक},ప్లీహ రోగము,
1404,13.1,कषाय-,कषाय,కషాయ రసము,
1405,13.2,कटु-,कटु,"కారం, కటు రసము",
1406,13.3,वात-,वात(वा1;क्त;अदादिः),వాతమును,
1407,13.4,लः,लस{पुं;1;एक},చేయును,
1408,14.1,.,-,,
1409,2.1,द्रव्य-,द्रव्य,ద్రవ్య,
1410,2.2,गुणः,गुण{पुं;1;एक},గుణము,
1411,3.1,अरिष्टः,अरिष्ट{पुं;1;एक},అరిష్ట మను మద్యము,
1412,4.1,सर्व-,सर्व,అన్ని,
1413,4.2,मद्य-,मद्य,మద్య ,
1414,4.3,गुण-,गुण,గుణము,
1415,4.4,अधिकः,अधिक{पुं;1;एक},అధికముగ,
1416,5.1,च,च{अव्य},మరియు,
1417,6.1,भवति,भू1{कर्तरि;लट्;प्र;एक;परस्मैपदी;भ्वादिः},ఔతుంది,
1418,7.1,.,-,,
1419,8.1,सः,तद्{सर्वनाम;पुं;1;एक},,
1420,9.1,ग्रहणी-,ग्रहणी,గ్రహణీ రోగము,
1421,9.2,पाण्डु-,पाण्डु,పాండు ,
1422,9.3,कुष्ठ-,कुष्ठ,"కుష్ఠము,చర్మ రోగము",
1423,9.4,अर्शः-,अर्शस्,"అర్శస్సు,మొలలు",
1424,9.5,शोफ-,शोफ,"శోఫ, వాపు",
1425,9.6,शोष-,शोष,శోష,
1426,9.7,उदर-,उदर,ఉదర రోగము,
1427,9.8,ज्वरान्,ज्वर{पुं;2;बहु},జ్వరములను,
1428,1.1,मार्द्वीकम्,मार्द्वीक{नपुं;1;एक},ద్రాక్ష రసము నుండి చేసిన మద్యము,
1429,10.1,पाण्डु-,पाण्डु,పాండు ,
1430,10.2,मेह-,मेह,ప్రమేహము,
1431,10.3,अर्शः-,अर्शस्,"అర్శస్సు,మొలలు",
1432,10.4,कृमि-,कृमि,కృమి రోగమును ,
1433,10.5,नाशनम्,नाशन{नपुं;1;एक},నాశనము చేయును,
1434,11.1,च,च{अव्य},మరియు,
1435,12.1,भवति,भू1{कर्तरि;लट्;प्र;एक;परस्मैपदी;भ्वादिः},ఔతుంది,
1436,13.1,.,-,,
1437,2.1,(मद्यम्),मद्य{नपुं;1;एक},మద్యము,
1438,3.1,लेखनम्,लेखन{नपुं;1;एक(लिख्1;ल्युट्;तुदादिः)},లేఖనము(ధాతువులలో లీనమైన మలములను శోధించేది),
1439,4.1,हृद्यम्,हृद्य{नपुं;1;एक},హృద్యము,
1440,5.1,न,न{अव्य},కాదు,
1441,6.1,अति-,अति,"అతి, అత్యంత",
1442,6.2,उष्णम्,उष्ण{नपुं;1;एक},ఉష్ణము,
1443,7.1,मधुरम्,मधुर{नपुं;1;एक},మధురము,
1444,8.1,सरम्,सर{नपुं;1;एक},సరము,
1445,9.1,अल्प-,अल्प,అల్ప,
1446,9.2,पित्त-,पित्त,పిత్తము,
1447,9.3,अनिलम्,अनिल{नपुं;1;एक},వాతము,
1448,1.1,अस्मात्,इदम्{सर्वनाम;नपुं;5;एक},,
1449,2.1,अल्प-,अल्प,అల్ప,
1450,2.2,अन्तर-,अन्तर,,
1451,2.3,गुणम्,गुण{नपुं;1;एक},గుణము,
1452,3.1,खार्जूरम्,खार्जूर{नपुं;1;एक},ఖర్జూర మద్యము,
1453,4.1,वातलम्,वातल{नपुं;1;एक},వాతము చేయును,
1454,5.1,गुरु,गुरु{नपुं;1;एक},"గురు, చిరకాలమునకు జీర్ణమగునది",
1455,6.1,(च),च{अव्य},మరియు,
1456,7.1,(भवति),भू1{कर्तरि;लट्;प्र;एक;परस्मैपदी;भ्वादिः},ఔతుంది,
1457,8.1,.,-,,
1458,1.1,शार्करः,शार्कर{पुं;1;एक},శర్కరా మద్యము,
1459,2.1,सुरभिः,सुरभि{पुं;1;एक},సుగంధముగ,
1460,3.1,स्वादु-,स्वादु,మధురము,
1461,3.2,हृद्यः,हृद्य{पुं;1;एक},హృద్యము,
1462,4.1,न,न{अव्य},కాదు,
1463,5.1,अति-,अति,అతి,
1464,5.2,मदः,मद{पुं;1;एक},మదకారి,
1465,6.1,लघुः,लघु{पुं;1;एक},లఘు,
1466,7.1,(च),च{अव्य},మరియు,
1467,8.1,(भवति),भू1{कर्तरि;लट्;प्र;एक;परस्मैपदी;भ्वादिः},ఔతుంది,
1468,9.1,.,-,,
1469,1.1,सृष्ट-,सृष्ट(सृज्2;क्त;तुदादिः),బయలుపరచును,
1470,1.2,मूत्र-,मूत्र,మూత్రము,
1471,1.3,शकृत्-,शकृत्,మలము,
1472,1.4,वातः,वात{पुं;1;एक(वा1;क्त;अदादिः)},వాతము,
1473,2.1,गौडः,गौड{पुं;1;एक},గౌడ(గుడ/బెల్లము సంబంధ) మద్యము,
1474,3.1,तर्पण-,तर्पण,"తర్పణము, తృప్తినిచ్చునది",
1475,3.2,दीपनः,दीपन{पुं;1;एक},అగ్ని దీప్తి కలిగించును,
1476,4.1,(च),च{अव्य},మరియు,
1477,5.1,(भवति),भू1{कर्तरि;लट्;प्र;एक;परस्मैपदी;भ्वादिः},ఔతుంది,
1478,6.1,.,-,,
1479,1.1,वात-,वात(वा1;क्त;अदादिः),వాతము,
1480,1.2,पित्त-,पित्त,పిత్తము,
1481,1.3,करः,कर{पुं;1;एक},"కరము, కారకము",
1482,2.1,सीधुः,सीधु{पुं;1;एक},సీధు మద్యము,
1483,3.1,स्नेह-,स्नेह,స్నేహ,
1484,3.2,श्लेष्म-,श्लेष्मन्,శ్లేష్మ,
1485,3.3,विकार-,विकार(वि_कॄ1;घञ्;तुदादिः),వికారములను,
1486,3.4,हा,हन्{पुं;1;एक},హరించును,
1487,4.1,मेदः-,मेदस्,మేదస్సు,
1488,4.2,शोफ-,शोफ,"శోఫ, వాపు",
1489,4.3,उदर-,उदर,ఉదర,
1490,4.4,अर्शः-,अर्शस्,"అర్శస్సు,మొలలు",
1491,4.5,घ्नः,घ्न{पुं;1;एक},హరించును,
1492,5.1,(च),च{अव्य},మరియు,
1493,6.1,(भवति),भू1{कर्तरि;लट्;प्र;एक;परस्मैपदी;भ्वादिः},ఔతుంది,
1494,7.1,.,-,,
1495,1.1,तत्र,तत्र{अव्य},అక్కడ,
1496,2.1,पक्व-,पक्व(पच्1;क्त;भ्वादिः),కాచిన,
1497,2.2,रसः,रस{पुं;1;एक},చెఱుకు రసము(తో చేసిన శీధు మద్యము),
1498,3.1,वरः,वर{पुं;1;एक},శ్రేష్ఠము,
1499,4.1,(भवति),भू1{कर्तरि;लट्;प्र;एक;परस्मैपदी;भ्वादिः},ఔతుంది,
1500,5.1,.,-,,
1501,1.1,छेदी,छेदि{पुं;1;एक},ఛేది,
1502,2.1,मधु-,मधु,మధు(తేనెతో చేసిన),
1503,2.2,आसवः,आसव{पुं;1;एक},ఆసవము,
1504,3.1,तीक्ष्णः,तीक्ष्ण{पुं;1;एक},తీక్ష్ణము,
1505,4.1,मेह-,मेह,మేహము,
1506,4.2,पीनस-,पीनस,పీనసము,
1507,4.3,कास-,कास,దగ్గును,
1508,4.4,जित्,जित्{पुं;1;एक},జయించును,
1509,5.1,(च),च{अव्य},మరియు,
1510,6.1,(भवति),भू1{कर्तरि;लट्;प्र;एक;परस्मैपदी;भ्वादिः},ఔతుంది,
1511,7.1,.,-,,
1512,1.1,रक्त-,रक्त,రక్త,
1513,1.2,पित्त-,पित्त,పిత్తము,
1514,1.3,कफ-,कफ,కఫము,
1515,1.4,उत्क्लेदि,उत्क्लेदिन्{नपुं;1;एक},క్లేద కారకము,
1516,10.1,पाण्डु-,पाण्डु,పాండు ,
1517,10.2,दृक्-,दृश्,"దృష్ఠి, చూపు",
1518,10.3,कृमि-,कृमि,కృమి,
1519,10.4,नाशनम्,नाशन{नपुं;1;एक},నశింపజేయును,
1520,11.1,(च),च{अव्य},మరియు,
1521,12.1,(भवति),भू1{कर्तरि;लट्;प्र;एक;परस्मैपदी;भ्वादिः},ఔతుంది,
1522,13.1,.,-,,
1523,2.1,शुक्तम्,शुक्त{नपुं;1;एक},శుక్తం(పులిసిన కల్లు),
1524,3.1,वात-,वात(वा1;क्त;अदादिः),వాత,
1525,3.2,अनुलोमनम्,अनुलोमन{नपुं;1;एक},అనులోమనము,
1526,4.1,भृश-,भृश,అత్యంత,
1527,4.2,उष्ण-,उष्ण,ఉష్ణము,
1528,4.3,तीक्ष्ण-,तीक्ष्ण,తీక్ష్ణము,
1529,4.4,रूक्ष-,रूक्ष,రూక్షము,
1530,4.5,अम्लम्,अम्ल{नपुं;1;एक},పులుపు,
1531,5.1,हृद्यम्,हृद्य{नपुं;1;एक},హృద్యము,
1532,6.1,रुचि-,रुचि,రుచిని  ,
1533,6.2,करम्,कर{नपुं;1;एक},కలిగించును,
1534,7.1,सरम्,सर{नपुं;1;एक},సరం,
1535,8.1,दीपनम्,दीपन{नपुं;1;एक(दीप्1;ल्युट्;दिवादिः)},అగ్ని ని పెంచును,
1536,9.1,शिशिर-,शिशिर,శీతల ,
1537,9.2,स्पर्शम्,स्पर्श{नपुं;1;एक},స్పర్శ,
1538,1.1,गुड-,गुड,బెల్లము,
1539,1.2,इक्षु-,इक्षु,చెరుకు,
1540,1.3,मद्य-,मद्य,మద్యము,
1541,1.4,मार्द्वीक-,मार्द्वीक,మార్ద్వీకముల,
1542,1.5,शुक्तम्,शुक्त{नपुं;1;एक},శుక్తం(పులిసిన కల్లు),
1543,2.1,लघु,लघु{नपुं;1;एक},లఘువు,
1544,3.1,यथा-,यथा,,
1545,3.2,उत्तरम्,उत्तरम्{अव्य्},,
1546,4.1,(भवति),भू1{कर्तरि;लट्;प्र;एक;परस्मैपदी;भ्वादिः},ఔతుంది,
1547,5.1,.,-,,
1548,1.1,कन्द-,कन्द,గడ్దలు,
1549,1.2,मूल-,मूल,వేళ్ళు,
1550,1.3,फल-,फल,పండ్లు,
1551,1.4,आद्यम्,आद्य{नपुं;2;एक},మొదలగువాని శుక్తము,
1552,2.1,च,च{अव्य},మరియు,
1553,3.1,तद्वत्,तद्{अव्य;वत्},అదే విధముగా(వాని వలెనే),
1554,4.1,विद्यात्,विद्1{कर्तरि;आशीर्लिङ्;प्र;एक;परस्मैपदी;अदादिः},(గుణములు)తెలుసుకోవాలి,
1555,5.1,तद्-,तद्,"అక్కడ,అప్పుడు",
1556,5.2,आसुतम्,आसुत{नपुं;2;एक},శుక్తం ,
1557,6.1,.,-,,
1558,1.1,शाण्डाकी,शाण्डाकी{स्त्री;1;एक},శాండాకీ,
1559,10.1,.,-,,
1560,2.1,च,च{अव्य},మరియు,
1561,3.1,आसुतम्,आसुत{नपुं;1;एक},శుక్తం,
1562,4.1,च,च{अव्य},మరియు,
1563,5.1,अन्यत्,अन्य{सर्वनाम;नपुं;1;एक},మరలా,
1564,6.1,काल-,काल,కాల విశేషము వలన,
1565,6.2,अम्लम्,अम्ल{नपुं;1;एक},పులిసిన,
1566,7.1,रोचनम्,रोचन{नपुं;1;एक(रुच्1;ल्युट्;भ्वादिः)},రుచిని కలిగించును,
1567,8.1,लघु,लघु{नपुं;1;एक},లఘువు,
1568,9.1,(भवति),भू1{कर्तरि;लट्;प्र;एक;परस्मैपदी;भ्वादिः},ఔతుంది,
1569,1.1,धान्य-,धान्य,ధాన్య,
1570,1.2,अम्लम्,अम्ल{नपुं;1;एक},అమ్లం,
1571,10.1,शस्तम्,शस्त{नपुं;1;एक(शस्1;क्त;भ्वादिः)},"మంచిది,హితకరము",
1572,11.1,आस्थापने,आस्थापन{नपुं;7;एक},ఆస్థాపన వస్తిలో,
1573,12.1,हृद्यम्,हृद्य{नपुं;1;एक},హృద్యము,
1574,13.1,लघु,लघु{नपुं;1;एक},లఘువు,
1575,14.1,वात-,वात(वा1;क्त;अदादिः),వాతము,
1576,14.2,कफ-,कफ,కఫమును ,
1577,14.3,अपहम्,अपह{नपुं;1;एक},నశింపజేయును,
1578,15.1,(च),च{अव्य},మరియు,
1579,16.1,(भवति),भू1{कर्तरि;लट्;प्र;एक;परस्मैपदी;भ्वादिः},ఔతుంది,
1580,17.1,.,-,,
1581,2.1,भेदि,भेदिन्{नपुं;1;एक},భేధి,
1582,3.1,तीक्ष्ण-,तीक्ष्ण,తీక్ష్ణము,
1583,3.2,उष्णम्,उष्ण{नपुं;1;एक},ఉష్ణము,
1584,4.1,पित्त-,पित्त,పిత్తమును,
1585,4.2,कृत्,कृत्{पुं;1;एक},కలిగించును,
1586,5.1,स्पर्श-,स्पर्श,తాకుటకు,
1587,5.2,शीतलम्,शीतल{नपुं;1;एक},చల్లగనుండును,
1588,6.1,श्रम-,श्रम,శ్రమ,
1589,6.2,क्लम-,क्लम,నిస్సత్తువను,
1590,6.3,हरम्,हर{नपुं;1;एक},హరించును,
1591,7.1,रुच्यम्,रुच्य{नपुं;1;एक},రుచిని పుట్టించును,
1592,8.1,दीपनम्,दीपन{नपुं;1;एक(दीप्1;ल्युट्;दिवादिः)},అగ్ని ని పెంచును,
1593,9.1,बस्ति-,बस्ति,వస్తి (పొత్తి కడుపులో),
1594,9.2,शूलनुत्,शूलनुद्{नपुं;1;एक},శూల(నొప్పి)ను హరించును,
1595,1.1,एभिः,इदम्{सर्वनाम;पुं;3;बहु},,
1596,2.1,एव,एव{अव्य},కాబట్టి,
1597,3.1,गुणैः,गुण{पुं;3;बहु},గుణము,
1598,4.1,युक्ते,युक्त{नपुं;1;द्वि(युज्1;क्त;दिवादिः)},కలిగిన,
1599,5.1,सौवीरक-,सौवीरक,సౌవీరక,
1600,5.2,तुषोदके,तुषोदक{नपुं;1;द्वि},తుషోదక,
1601,6.1,कृमि-,कृमि,కృమి,
1602,6.2,हृत्-,हृत्,హృదయ ,
1603,6.3,रोग-,रोग,రోగమలు,
1604,6.4,गुल्म-,गुल्म,గుల్మ రోగము,
1605,6.5,अर्शः-,अर्शस्,"అర్శస్సు,మొలలు",
1606,6.6,पाण्डु-,पाण्डु,పాండు ,
1607,6.7,रोग-,रोग,రోగములు,
1608,6.8,निबर्हणे,निबर्हणा{स्त्री;1;द्वि},,
1609,7.1,(भवतः),भू1{कर्तरि;लट्;प्र;द्वि;परस्मैपदी;भ्वादिः,ఔతాయి,
1610,8.1,.,-,,
1611,1.1,ते,तद्{सर्वनाम;नपुं;1;द्वि},,
1612,10.1,.,-,,
1613,2.1,क्रमात्,क्रम{पुं;5;एक},వరుసగా,
1614,3.1,वि-,वि,,
1615,3.2,तुषैः,तुष{पुं;3;बहु},పొట్టుతో,
1616,4.1,विद्यात्,विद्1{कर्तरि;आशीर्लिङ्;प्र;एक;परस्मैपदी;अदादिः},తెలుసుకోవాలి,
1617,5.1,स-,स,,
1618,5.2,तुषैः,तुष{पुं;3;बहु},పొట్టుతో,
1619,6.1,च,च{अव्य},మరియు,
1620,7.1,यवैः,यव{पुं;3;बहु},యవలతో,
1621,8.1,कृते,कृत{नपुं;1;द्वि},,
1622,9.1,(इति),इति{अव्य},ఈ విధంగా,
1623,1.1,मूत्रम्,मूत्र{नपुं;1;एक},మూత్రమును,
1624,10.1,जयेत्,जि1{कर्तरि;विधिलिङ्;प्र;एक;परस्मैपदी;भ्वादिः},జయించును,
1625,11.1,लघु,लघु{नपुं;1;एक},లఘువు,
1626,12.1,(च),च{अव्य्},మరియు,
1627,13.1,(भवति),भू1{कर्तरि;लट्;प्र;एक;परस्मैपदी;भ्वादिः},ఔతుంది,
1628,14.1,.,-,,
1629,15.1,.,-,,
1630,2.1,गो-,गो,ఆవు,
1631,2.2,अज-,अज,మేక,
1632,2.3,अवि-,अवि,గొఱ్ఱె,
1633,2.4,महिषी-,महिषी,బర్రె,
1634,2.5,गज-,गज,ఏనుగు,
1635,2.6,अश्व-,अश्व,గుఱ్ఱము,
1636,2.7,उष्ट्र-,उष्ट्र,ఒంటె,
1637,2.8,खर-,खर,గాడిద,
1638,2.9,उद्भवम्,उद्भव{नपुं;1;एक},నుండి వచ్చిన ,
1639,3.1,पित्त-,पित्त,పిత్తమును,
1640,3.2,लम्,ल{नपुं;1;एक},పెంచును,
1641,4.1,रूक्ष-,रूक्ष,రూక్షము,
1642,4.2,तीक्ष्ण-,तीक्ष्ण,తీక్ష్ణము,
1643,4.3,उष्णम्,उष्ण{नपुं;1;एक},ఉష్ణము,
1644,5.1,लवण-,लवण,లవణ,
1645,5.2,अनुरसम्,अनुरस{नपुं;1;एक},అనురసము,
1646,6.1,कटु,कटु{नपुं;1;एक},కటు ,
1647,7.1,कृमि-,कृमि,కృమి,
1648,7.2,शोफ-,शोफ,"శోఫ, వాపు",
1649,7.3,उदर-,उदर,ఉదర,
1650,7.4,अनाह-,-अनाह,ఆనాహము,
1651,7.5,शूल-,शूल,శూల,
1652,7.6,पाण्डु-,पाण्डु,పాండు రోగము,
1653,7.7,कफ-,कफ,కఫము,
1654,7.8,अनिलान्,अनिल{पुं;2;बहु},వాతమును,
1655,8.1,गुल्म-,गुल्म,గుల్మ రోగము,
1656,8.2,अरुचि-,अरुचि,అరుచి,
1657,8.3,विष-,विष,విషము,
1658,8.4,श्वित्र-,श्वित्र,శ్విత్ర కుష్ఠము,
1659,8.5,कुष्ठ-,कुष्ठ,"కుష్ఠము,చర్మ రోగము",
1660,8.6,अर्शांसि,अर्शस्{नपुं;2;बहु},"అర్శస్సును,మొలలను",
1661,9.1,(च),च{अव्य्},మరియు,
1662,1.1,तोय-,तोय,"నీరు,జలం",
1663,1.2,क्षीर-,क्षीर,పాలు,
1664,1.3,इक्षु-,इक्षु,చెరుకు,
1665,1.4,तैलानाम्,तैल{पुं;6;बहु},నూనె ,
1666,10.1,उदाहृतः,उदाहृत{पुं;1;एक(उत्_आङ्_हृ1;क्त;भ्वादिः)},చెప్పబడినవి,
1667,11.1,.,-,,
1668,2.1,वर्गैः,वर्ग{पुं;3;बहु},వర్గముల,
1669,3.1,मद्यस्य,मद्य{पुं;6;एक},మద్యమల,
1670,4.1,च,च{अव्य},మరియు,
1671,5.1,क्रमात्,क्रमात्{अव्य्},వరుసగా,
1672,6.1,इति,इति{अव्य},,
1673,7.1,द्रव-,द्रव,ద్రవ,
1674,7.2,एकदेशः,एकदेश{पुं;1;एक},ఒక భాగము,
1675,8.1,अयम्,इदम्{सर्वनाम;पुं;1;एक},"ఈ , ఇది",
1676,9.1,यथा-,यथा,యథా,
1677,9.2,स्थूलम्,स्थूलम्{अव्य्},స్థూలముగ,
1678,,,,,
1679,,,,,
1680,,,,,
1681,,,,,
1682,,,,,
1683,,,,,
1684,,,,,
1685,,,,,
1686,,,,,
1687,,,,,
1688,,,,,
1689,,,,,
1690,,,,,
